ID_video,Meaning,Pos_tag
D0001B,địa_chỉ,N
D0001N,địa_chỉ,N
D0001T,địa_chỉ,N
D0002,tỉnh,N
D0003,tiếp_tân,V
D0004,nhân_viên,N
D0005B,miến_điện,Np
D0005B,nước_mi_an_ma,Np
D0005N,nước_mi_an_ma,Np
D0005N,miến_điện,Np
D0005T,nước_mi_an_ma,Np
D0005T,miến_điện,Np
D0006,ma_cao,Np
D0007,do_thái,N
D0008,ả_rập,N
D0008,nước_ả_rập,N
D0009,phương_tây,N
D0010,phương_đông,N
D0011,đu_bai,N
D0011,nước_đu_bai,N
D0012,albania,N
D0012,nước_albania,N
D0013,người_nước_ngoài,N
D0014,nhập_khẩu,V
D0015,tuy_hoà,Np
D0016,quy_nhơn,Np
D0017,hấp_dẫn,V
D0018,nổi_da_gà,V
D0019B,ghen_tị,V
D0019N,ghen_tị,V
D0019T,ghen_tị,V
D0020B,lung_tung,A
D0020N,lung_tung,A
D0020T,lung_tung,A
D0021,hói_đầu,V
D0022,cười_nhếch_mép,V
D0023,cười_vỡ_bụng,V
D0024B,tham_ăn,A
D0024N,tham_ăn,A
D0024T,tham_ăn,A
D0026,thèm,V
D0027,thèm_rỏ_dãi,V
D0028,đứng_đầu,V
D0029B,thói_quen,N
D0029N,thói_quen,N
D0029T,thói_quen,N
D0030,khuyến_khích,V
D0031B,không_nghe_lời,R
D0031N,không_nghe_lời,R
D0031T,không_nghe_lời,R
D0032,ai_cho,P
D0033B,không_cho,R
D0033N,không_cho,R
D0033T,không_cho,R
D0034,không_cần,R
D0035B,không_nên,R
D0035N,không_nên,R
D0035T,không_nên,R
D0036,bực_mình,V
D0037,tự_giác,V
D0038,mù_chữ,A
D0039,vô_tình,A
D0040B,tết_hàn_thực,N
D0040N,tết_hàn_thực,N
D0040T,tết_hàn_thực,N
D0041,giỗ,N
D0042B,ngày_quốc_tế_phụ_nữ_8_3,N
D0042N,ngày_quốc_tế_phụ_nữ_8_3,N
D0042T,ngày_quốc_tế_phụ_nữ_8_3,N
D0043B,ngày_giải_phóng_thủ_đô_10_10,N
D0043N,ngày_giải_phóng_thủ_đô_10_10,N
D0043T,ngày_giải_phóng_thủ_đô_10_10,N
D0044B,ngày_giải_phóng_miền_nam_30_4,N
D0044N,ngày_giải_phóng_miền_nam_30_4,N
D0044T,ngày_giải_phóng_miền_nam_30_4,N
D0045B,ngày_người_khuyết_tật_việt_nam_18_4,N
D0045N,ngày_người_khuyết_tật_việt_nam_18_4,N
D0045T,ngày_người_khuyết_tật_việt_nam_18_4,N
D0046B,ngày_người_khuyết_tật_thế_giới_3_12,N
D0046N,ngày_người_khuyết_tật_thế_giới_3_12,N
D0046T,ngày_người_khuyết_tật_thế_giới_3_12,N
D0048B,lễ_halloween_31_10,N
D0048N,lễ_halloween_31_10,N
D0048T,lễ_halloween_31_10,N
D0049B,ngày_phụ_nữ_việt_nam_20_10,N
D0049N,ngày_phụ_nữ_việt_nam_20_10,N
D0049T,ngày_phụ_nữ_việt_nam_20_10,N
D0050B,ngày_thương_bình_liệt_sĩ_27_7,N
D0050N,ngày_thương_bình_liệt_sĩ_27_7,N
D0050T,ngày_thương_bình_liệt_sĩ_27_7,N
D0051B,ngày_giỗ_tổ_hùng_vương,N
D0051N,ngày_giỗ_tổ_hùng_vương,N
D0051T,ngày_giỗ_tổ_hùng_vương,N
D0052B,ngày_ngôn_ngữ_kí_hiệu_quốc_tế_23_9,N
D0052N,ngày_ngôn_ngữ_kí_hiệu_quốc_tế_23_9,N
D0052T,ngày_ngôn_ngữ_kí_hiệu_quốc_tế_23_9,N
D0053B,tuần_lễ_người_điếc_thế_giới,N
D0053N,tuần_lễ_người_điếc_thế_giới,N
D0053T,tuần_lễ_người_điếc_thế_giới,N
D0054B,ngày_của_mẹ,N
D0054N,ngày_của_mẹ,N
D0054T,ngày_của_mẹ,N
D0055B,ngày_của_cha,N
D0055N,ngày_của_cha,N
D0055T,ngày_của_cha,N
D0056B,ngày_gia_đình_việt_nam_28_6,N
D0056N,ngày_gia_đình_việt_nam_28_6,N
D0056T,ngày_gia_đình_việt_nam_28_6,N
D0057B,ngày_thầy_thuốc_việt_nam,N
D0057N,ngày_thầy_thuốc_việt_nam,N
D0057T,ngày_thầy_thuốc_việt_nam,N
D0058B,ngày_thành_lập_quân_đội_nhân_dân_việt_nam,N
D0058N,ngày_thành_lập_quân_đội_nhân_dân_việt_nam,N
D0058T,ngày_thành_lập_quân_đội_nhân_dân_việt_nam,N
D0059,con_cá_sấu,Nc
D0060B,nhầm,V
D0060N,nhầm,V
D0060T,nhầm,V
D0061,đồng_bằng_sông_cửu_long,N
D0062,đồng_bằng_sông_hồng,N
D0063,đồng_bằng_duyên_hải_miền_trung,N
D0064,buồn_thảm,A
D0065B,mách,N
D0065N,mách,N
D0065T,mách,N
D0066B,vô_duyên,A
D0066N,vô_duyên,A
D0066T,vô_duyên,A
D0067,ti_hí_mắt,A
D0068,kịp_thời,A
D0069,bối_rối,V
D0070,hú_vía,N
D0071,suỵt,V
D0072B,suýt,R
D0072N,suýt,R
D0072T,suýt,R
D0073,cá_voi,N
D0074,cá_kiếm,N
D0075,đuôi_cá,N
D0076,đuôi_chuột,N
D0077B,bít_tết_bò,B
D0077N,bít_tết_bò,B
D0077T,bít_tết_bò,B
D0078,súp,N
D0079,súp_lơ,N
D0080B,mỳ_tôm,N
D0080N,mỳ_tôm,N
D0080T,mỳ_tôm,N
D0081B,mỳ_vằn_thắn,N
D0082B,mỳ_ý,N
D0082N,mỳ_ý,N
D0082T,mỳ_ý,N
D0083,bún_mắm,N
D0084,bún_chả,N
D0085,bún_ngan,N
D0086,bún_ốc,N
D0087B,bún_đậu,N
D0088,xôi_gấc,N
D0089,xôi_gà,N
D0090,cháo_sườn,N
D0091,cơm_rang,N
D0092,nhấn_mạnh,V
D0093,đạo_diễn,N
D0094,thí_nghiệm,V
D0095,cắm_trại,V
D0096,khả_năng,N
D0097,kỹ_năng,N
D0098,có_không,V
D0099,cung_cấp,V
D0100,khờ_dại,V
D0101,cực_khổ,A
D0102,may_mắn,A
D0103B,từ_chối,V
D0103N,từ_chối,V
D0103T,từ_chối,V
D0104,nấu_nướng,V
D0105,xoa_đầu,V
D0107,rực_rỡ,A
D0108B,thiệp_sinh_nhật,N
D0108N,thiệp_sinh_nhật,N
D0108T,thiệp_sinh_nhật,N
D0109B,không_quen,R
D0109N,không_quen,R
D0109T,không_quen,R
D0110,bánh_tráng,N
D0111B,tương_ớt,N
D0111N,tương_ớt,N
D0111T,tương_ớt,N
D0112,không_có,R
D0113,không_có_chi,R
D0114,dân_chủ,A
D0115,xử_lý,V
D0116,đất_ruộng,N
D0117,tinh_mắt,N
D0118,cũng_vậy,R
D0118,cũng_thế,R
D0119B,đúng_không,A
D0119N,đúng_không,A
D0119T,đúng_không,A
D0120B,phải_không,A
D0120N,phải_không,A
D0120T,phải_không,A
D0121,còn_bạn,R
D0122B,cần_không,V
D0122N,cần_không,V
D0122T,cần_không,V
D0123B,nên_không,C
D0123N,nên_không,C
D0123T,nên_không,C
D0124,kia,P
D0125,nóng_tính,V
D0126,sợ_không,V
D0127,căm_thù,V
D0128B,đẹp_không,A
D0128N,đẹp_không,A
D0128T,đẹp_không,A
D0129B,không_đẹp,R
D0129N,không_đẹp,R
D0129T,không_đẹp,R
D0130,chúng_tôi,P
D0131,chúng_tôi,P
D0132,chúng_tôi,P
D0133,chúng_tôi,P
D0134,chúng_tôi,P
D0135,các_bạn,L
D0136,họ,P
D0137,họ,P
D0138,bạn_yêu_tôi,N
D0139,tôi_yêu_bạn_ấy,P
D0140,bạn_ấy_yêu_tôi,N
D0141,bạn_yêu_bạn_ấy,N
D0142,bạn_ấy_yêu_bạn,N
D0143B,anh_hai,N
D0143N,anh_hai,N
D0143T,anh_hai,N
D0144B,chị_hai,N
D0144N,chị_hai,N
D0144T,chị_hai,N
D0145,quả_bầu_hồ_lô,N
D0146,một_là,M
D0147,hai_là,M
D0148,ba_là,M
D0149,bốn_là,M
D0150,năm_là,N
D0151B,ông_bà,N
D0151N,ông_bà,N
D0151T,ông_bà,N
D0152B,chị_họ,N
D0152N,chị_họ,N
D0152T,chị_họ,N
D0153B,em_họ,N
D0153N,em_họ,N
D0153T,em_họ,N
D0154B,cháu_họ,N
D0154N,cháu_họ,N
D0154T,cháu_họ,N
D0155B,sống_sót,V
D0155N,sống_sót,V
D0155T,sống_sót,V
D0156,thường_xuyên,A
D0156B,thường_xuyên,A
D0156N,thường_xuyên,A
D0156T,thường_xuyên,A
D0157B,đi_dạo,V
D0157N,đi_dạo,V
D0157T,đi_dạo,V
D0158N,về,E
D0159B,về_2,E
D0159T,về_2,E
D0160,về_3,E
D0161,về_4,E
D0162,về_5,E
D0163B,hẹn,V
D0163N,hẹn,V
D0163T,hẹn,V
D0164,quyến_luyến,V
D0165B,hứa,V
D0165N,hứa,V
D0165T,hứa,V
D0166,cùng,Cc
D0166,với,Cc
D0167,lâu,A
D0167B,lâu,A
D0168B,vẫn,R
D0168N,vẫn,R
D0168T,vẫn,R
D0169B,mỗi_ngày,L
D0169N,mỗi_ngày,L
D0169T,mỗi_ngày,L
D0170B,hàng_ngày,N
D0170N,hàng_ngày,N
D0170T,hàng_ngày,N
D0171,ăn_vú_sữa,V
D0172,ăn_vú_sữa,V
D0173,hôi,A
D0174,trông_nhà,V
D0175,chạy,V
D0176,xe_container,N
D0177,bay_nhanh,V
D0178,chậm_chạp,A
D0179,ngừng_lại,V
D0180,5,M
D0181,2,M
D0182B,cung_điện,N
D0182N,cung_điện,N
D0182T,cung_điện,N
D0183,dừng_lại,V
D0184,một_ít,L
D0184,một_chút,L
D0185,kẹt_xe_tắc_đường,V
D0186,suy_ra,V
D0187,thì_thầm,V
D0188B,hoặc,Cc
D0188N,hoặc,Cc
D0188T,hoặc,Cc
D0189B,muốn_không,V
D0189N,muốn_không,V
D0189T,muốn_không,V
D0190B,không_muốn,R
D0190N,không_muốn,R
D0190T,không_muốn,R
D0191,sa_mạc,N
D0192B,xem,V
D0192N,xem,V
D0192T,xem,V
D0193,núi_cao,A
D0194,núi_thấp,A
D0195B,đẹp_không,A
D0195N,đẹp_không,A
D0195T,đẹp_không,A
D0196,xem_đã,V
D0197,mồ_hôi_nhễ_nhại,A
D0198,không_ngon,R
D0199,hài_lòng,V
D0200,má_hồng,N
D0201,ngập_ngừng,V
D0202,nói_ngập_ngừng,V
D0203,võ_thị_sáu,Np
D0204,mít_tinh,N
D0205,sụp_đổ,V
D0206B,thiếu_thốn,V
D0206N,thiếu_thốn,V
D0206T,thiếu_thốn,V
D0207,xuyên_việt,V
D0208,khổ_công,N
D0209B,dám_làm,V
D0209N,dám_làm,V
D0209T,dám_làm,V
D0210B,không_dám,R
D0210N,không_dám,R
D0210T,không_dám,R
D0211,phiền_hà,V
D0212,đèn_ông_sao,N
D0213B,ung_thư,N
D0213N,ung_thư,N
D0213T,ung_thư,N
D0214B,phó_hiệu_trưởng,N
D0214N,phó_hiệu_trưởng,N
D0214T,phó_hiệu_trưởng,N
D0215,olympic,Np
D0216,vòng_nguyệt_quế,N
D0217,hữu_nghị,A
D0218,bắn_cung_tên,V
D0219,mũi_tên,N
D0220,cung_tên,N
D0221,tận_số,N
D0222,nứt_nẻ,V
D0223B,mã_lai,Np
D0223N,mã_lai,Np
D0223T,mã_lai,Np
D0224,số_la_mã,N
D0225,long_vương,Np
D0226,đàng_hoàng,A
D0227,phân_vân,V
D0228,lau_miệng,V
D0229,chó_cắn,V
D0230,mèo_cào,V
D0231,quan_hệ_từ,QHT
D0232,yêu_nước_việt_nam,V
D0233,quan,N
D0234,đi_tuần,V
D0235,vỗ_về,V
D0236,hốt_hoảng,V
D0237,chuyện_nhỏ,N
D0238,chuyện_lớn,N
D0239,cái_gùi,Nc
D0240,hùng_vĩ,A
D0241,bất_khuất,A
D0242B,nhưng,C
D0242N,nhưng,C
D0242T,nhưng,C
D0243B,hay_là,Cc
D0243N,hay_là,Cc
D0243T,hay_là,Cc
D0244,thăng_long,Np
D0245,dãy_núi_hoàng_liên_sơn,N
D0246,quanh_năm,N
D0247,gấp_đôi,A
D0248,gấp_ba,A
D0249B,chia_đôi,A
D0249N,chia_đôi,A
D0249T,chia_đôi,A
D0250B,chia_ba,A
D0250N,chia_ba,A
D0250T,chia_ba,A
D0251,đi_lạc,V
D0252,mất,V
D0253,đại_sứ,N
D0254,cảnh_giác,V
D0255,giám_sát,V
D0256,quan_sát,V
D0257,ăn_vụng,V
D0258,xảy_ra,V
D0259,dự_án,N
D0260,đầu_tư,V
D0261,năn_nỉ,V
D0262,háo_hức,A
D0263,rắc_rối,A
D0264,tải_về,V
D0265,nhõng_nhẽo,V
D0266,hên,A
D0266,gặp_may,A
D0267B,đen_đủi,A
D0268N,xui_xẻo,A
D0269,long_lanh,A
D0270B,lạnh_lùng,A
D0270N,lạnh_lùng,A
D0270T,lạnh_lùng,A
D0271B,dỗi,V
D0271N,dỗi,V
D0271T,dỗi,V
D0272B,liếc_nhìn,V
D0272N,liếc_nhìn,V
D0272T,liếc_nhìn,V
D0273,nhổ_tóc,V
D0274,nhổ_râu,V
D0275,nhổ_lông_mày,V
D0276,cắt_lông_mũi,V
D0277,nhổ_răng,V
D0278,răng_hô,N
D0279,răng_khểnh,N
D0280,kháu_khỉnh,A
D0281,mọc_tóc,V
D0282,mọc_râu,V
D0283,mọc_ria_mép,V
D0284,covid,N
D0285,cố_đô_huế,N
D0286,cách_ly,V
D0287,giãn_cách_xã_hội,V
D0288,tương_lai,N
D0289,ria_mép,N
D0290,trong_khoảng,E
D0291,trốn_tìm,V
D0292,nhảy_bao_bố,V
D0293,nhảy_lò_cò,V
D0294,kéo_co,V
D0295,hội_thoại,N
D0296,lý_do,N
D0297,lớn_hơn_1,A
D0298,lớn_hơn_2,A
D0299,2,M
D0300,tỉnh_táo,A
D0301,nhộn_nhịp,A
D0302,áo_kẻ_sọc,N
D0303,đất_nước_bị_chia_cắt,N
D0304,thống_nhất_đất_nước,V
D0305,khoáng_sản,N
D0306,thương_mại,N
D0307B,công_nghiệp,N
D0307N,công_nghiệp,N
D0307T,công_nghiệp,N
D0308,dân_tộc_chăm,N
D0309,dân_tộc_mường,N
D0310,dân_tộc_khơ_me,N
D0311,dân_tộc_thái,N
D0312,dân_tộc_mông,N
D0313,nhà_rông,N
D0314,lãng_phí,V
D0315,tiến_bộ,V
D0316,lượm,Np
D0317,cứu_sống,V
D0318,máy_xúc,N
D0319,cảng_hải_phòng,N
D0320,cảng_sài_gòn,N
D0321,kim_cương,N
D0322,phân_biệt,V
D0323,không_bình_đẳng,R
D0324,đùm_bọc,V
D0325,khởi_nghiệp,V
D0326B,vải_lụa,N
D0326N,vải_lụa,N
D0326T,vải_lụa,N
D0327,lượt_đi,N
D0328,lượt_về,N
D0329,rau_diếp_cá,V
D0330,rau_ngò_rau_mùi,N
D0331,thao_thức,V
D0332,thâm_quầng_mắt,A
D0333,tự_hào,V
D0334,quyên_góp,V
D0335,chia_rẽ,V
D0336,tự_trọng,V
D0337,gian_dối,A
D0338,ăn_bám,V
D0339,tuyên_truyền,V
D0340,thịnh_vượng,V
D0341,lấm_lem,A
D0342B,ham_chơi,V
D0342N,ham_chơi,V
D0342T,ham_chơi,V
D0343,đánh_cầu_lông,V
D0344,cánh_buồm,N
D0345,cầu_thê_húc,N
D0346B,da_trắng,N
D0346N,da_trắng,N
D0346T,da_trắng,N
D0347B,da_ngăm,N
D0347N,da_ngăm,N
D0347T,da_ngăm,N
D0348,tuần_trăng_mật,V
D0349,năm_tới,N
D0350,hoãn,Np
D0351,huỷ,V
D0352,phụ_thuộc,V
D0353,thuộc_địa,V
D0354,tẩy_chay,V
D0355,đau_mắt,V
D0356,đau_bụng,V
D0357,đau_tay,V
D0358,đau_chân,V
D0359,đau_tai,V
D0360,phẫu_thuật_tay,V
D0361,phẫu_thuật_chân,V
D0362,phẫu_thuật_mắt,V
D0363,phẫu_thuật_mũi,V
D0364,phẫu_thuật_cổ,V
D0365,phẫu_thuật_bụng,V
D0366,bệnh_phong_cùi,N
D0367,hội_chứng_đao___down,N
D03671,bệnh_đao___down,N
D0369,mệt_mỏi,A
D0370,mệt_không,A
D0371,đói_không,V
D0372,cả_ngày,P
D0373,chiên,V
D0373,rán,V
D0374,nướng,V
D0375,luộc,V
D0376,xào,V
D0377,lẩu,N
D0378,nộm,N
D0378,gỏi,N
D0379,nhà_kho,N
D0380,hấp,V
D0381,thối,A
D0382,thiu,A
D0383,nguội,A
D0384,ngán,V
D0385,tôm_hùm,N
D0386,cua_đồng,N
D0387,con_hàu,Nc
D0388,hải_sản,N
D0389,vịt_quay,N
D0390,gà_nướng_lu,N
D0391,bánh_hamburger,Nc
D0392,bánh_sandwich,N
D0393,bánh_canh,N
D0394,miến,V
D0395,nước_ép,N
D0396B,nước_ép_trái_cây,N
D0396N,nước_ép_trái_cây,N
D0396T,nước_ép_trái_cây,N
D0397,sinh_tố,N
D0398,vắt_chanh,V
D0399,mía,N
D0400,chanh_đá,V
D0401,chanh_nóng,N
D0402,chanh_muối,V
D0403,trà_đá,N
D0404,trà_nóng,N
D0405,trà_sữa,N
D0406,socola,Np
D0407,cocacola,Np
D0408,7up,N
D0409,một_tiết_học,M
D0410B,một_tiếng,M
D0410N,một_tiếng,M
D0410T,một_tiếng,M
D0411,chung_tay,V
D0412,rửa_chân,V
D0413,rửa_mặt,V
D0414,đánh_răng,V
D0416B,tuần_này,N
D0416N,tuần_này,N
D0416T,tuần_này,N
D0417B,tuần_sau,N
D0417N,tuần_sau,N
D0417T,tuần_sau,N
D0418B,tuần_trước,N
D0418N,tuần_trước,N
D0418T,tuần_trước,N
D0419,cuối_tuần,N
D0420,cuối_tháng,N
D0421,cuối_năm,N
D0422,mục_tiêu,N
D0423B,sinh_đôi,V
D0423N,sinh_đôi,V
D0423T,sinh_đôi,V
D0424,đôi_cặp,M
D0425,đảng,Np
D0426,mô_tả,V
D0427,mũm_mĩm,A
D0428,tóc_dài,A
D0429B,tóc_ngắn,A
D0429N,tóc_ngắn,A
D0429T,tóc_ngắn,A
D0430B,tổng_kết,V
D0430B,bế_giảng,V
D0430N,tổng_kết,V
D0430N,bế_giảng,V
D0430T,tổng_kết,V
D0430T,bế_giảng,V
D0431,lốc_xoáy,N
D0432B,tay_chân_sạch_sẽ,A
D0432N,tay_chân_sạch_sẽ,A
D0432T,tay_chân_sạch_sẽ,A
D0433,nhắm_mắt,V
D0434,sờ,V
D0435,cây_nến,Nc
D0436,dịu_dàng,A
D0437B,đùa,V
D0437N,đùa,V
D0437T,đùa,V
D0438,làm_được,V
D0439,dòng_sông_chảy,N
D0440,ăn_đủ,V
D0441,ăn_vừa,V
D0442,ăn_ít,V
D0443,đồ_uống,N
D0444,đồ_ăn,N
D0445,trang_điểm,V
D0446,đau_mắt_đỏ,V
D0447,cái_vợt_cá,Nc
D0448,vợt_cầu_lông,N
D0449,con_vượn,Nc
D0450,thắp_đèn,V
D0451,góp_tiền,V
D0452B,họp_nhóm,V
D0452N,họp_nhóm,V
D0452T,họp_nhóm,V
D0453,nhút_nhát,A
D0455,luộc_rau,V
D0456,muối,N
D0457,nước_mắm,N
D0458,thoăn_thoắt,A
D0459,nghênh_nghênh,V
D0460,đua_đòi,V
D0461,bình_sữa,N
D0462,đòi,V
D0463,đòi_hỏi,V
D0464B,trẻ_con,N
D0464B,con_nít,N
D0464N,trẻ_con,N
D0464N,con_nít,N
D0464T,trẻ_con,N
D0464T,con_nít,N
D0465,duy_nhất,A
D0466,cạnh_tranh,V
D0467,hoa_hậu,N
D0468,cái_neo,Nc
D0469,phóng_viên,N
D0470B,nhà_văn_hóa,N
D0470N,nhà_văn_hóa,N
D0470T,nhà_văn_hóa,N
D0471,chùa_yên_tử,N
D0472,chõ_xôi,N
D0473,cây_cọ,N
D0474,khu_vực_cách_ly,N
D0475,phong_toả,V
D0477,thung_lũng,N
D0478,địa_hình,N
D0479,kim_đồng,Np
D0480,thánh_gióng,Np
D0481,hoa_giấy,N
D0482,hoa_dâm_bụt,N
D0483,kết_luận,V
D0484,internet,Nb
D0485,nhà_vệ_sinh,N
D0486,đi_vệ_sinh,V
D0488,hoa_mai,N
D0489,a,N
D0490B,ă,N
D0490N,ă,N
D0490T,ă,N
D0491B,â,N
D0491N,â,N
D0491T,â,N
D0492,b,N
D0493,c,N
D0494,d,N
D0495,đ,N
D0496,e,N
D0497B,ê,N
D0497N,ê,N
D0497T,ê,N
D0498B,g,N
D0498N,g,N
D0500B,h,N
D0500N,h,N
D0500T,h,N
D0501,i,N
D0502,k,N
D0503,l,N
D0504,m,N
D0505,n,N
D0506,o,N
D0507B,ô,N
D0507N,ô,N
D0507T,ô,N
D0508N,ơ,N
D0509B,p,N
D0509N,p,N
D0509T,p,N
D0510,q,N
D0511,r,N
D0512,s,N
D0513B,t,N
D0513N,t,N
D0513T,t,N
D0514,u,N
D0515N,ư,N
D0516,v,N
D0517B,x,N
D0517N,x,N
D0517T,x,N
D0518N,y,N
D0519,z,N
D0521,f,N
D0522,j,N
D0523,w,N
D0524B,dấu_huyền,N
D0524N,dấu_huyền,N
D0524T,dấu_huyền,N
D0525B,dấu_sắc,N
D0525N,dấu_sắc,N
D0525T,dấu_sắc,N
D0526B,dấu_hỏi,N
D0526N,dấu_hỏi,N
D0526T,dấu_hỏi,N
D0527B,dấu_ngã,N
D0527N,dấu_ngã,N
D0527T,dấu_ngã,N
D0528,dấu_nặng,N
D0529,0,M
D0530,1,M
D0531,2,M
D0532,3,M
D0533,4,M
D0534,5,M
D0535B,6,M
D0535N,6,M
D0535T,6,M
D0536,7,M
D0537,8,M
D0538,9,M
D0539,10,M
D0540B,11,M
D0540N,11,M
D0540T,11,M
D0541B,12,M
D0541N,12,M
D0541T,12,M
D0542B,23,M
D0542N,23,M
D0542T,23,M
D0543N,33,M
D0543T,33,M
D0544,40,M
D0545,80,M
D0546N,90,M
D0547,100,M
D0548N,1000,M
D0549B,5000,M
D0549T,5000,M
D0550B,10_000,M
D0550N,10_000,M
D0550T,10_000,M
D0551B,1_000_000,M
D0551N,1_000_000,M
D0551T,1_000_000,M
D0552B,1_000_000_000,M
D0552N,1_000_000_000,M
D0552T,1_000_000_000,M
D0600,ăn_cóc,V
W00000,ác,A
W00001,ác_cảm,A
W00002,ác_độc,A
W00003,ác_mộng,A
W00004B,ai,P
W00004N,ai,P
W00004T,ai,P
W00006,an_giang,Np
W00007,an_ninh,N
W00009B,nước_anh,Np
W00009N,nước_anh,Np
W00009T,nước_anh,Np
W00010B,anh_chị,N
W00011,anh_chị_em,N
W00012B,anh_dũng,A
W00012N,anh_dũng,A
W00012T,anh_dũng,A
W00013B,anh_em,N
W00013N,anh_em,N
W00013T,anh_em,N
W00014N,anh_họ,N
W00014T,anh_họ,N
W00015,anh_hùng,N
W00018B,anh_rể,N
W00018N,anh_rể,N
W00018T,anh_rể,N
W00019B,anh_ruột,N
W00019N,anh_ruột,N
W00019T,anh_ruột,N
W00020,anh_vợ,N
W00024,sáng,N
W00026,ao_chuôm,N
W00027,ảo_thuật,N
W00028,áo,N
W00029,áo_ấm,N
W00030,áo_cánh,N
W00032B,áo_đồng_phục,N
W00032N,áo_đồng_phục,N
W00032T,áo_đồng_phục,N
W00033,áo_len,N
W00034,áo_phao,N
W00035B,áo_phông,N
W00035N,áo_phông,N
W00035T,áo_phông,N
W00036,áp_phích,V
W00039,ăn_diện,V
W00040,ăn_hối_lộ,V
W00042,ăn_uống,V
W00043,ăn_vặt,V
W00044,ăn_xin,V
W00045,âm_thanh,N
W00048,ầm_ĩ,A
W00049,ẩm_mốc,V
W00050,ẩm_ướt,V
W00051,ấm_áp,A
W00052,ấm_đun_nước,N
W00053,ấm_no,V
W00055,ấm_trà,N
W00057B,ân_hận,V
W00057N,ân_hận,V
W00057T,ân_hận,V
W00059,ấn,V
W00061,ấn_tượng,N
W00062,âu_cơ,Np
W00065,ba_chân_bốn_cẳng,Np
W00067,bà_nà,Nc
W00068,bà_rịa___vũng_tàu,Np
W00069,triệu_phú,N
W00070,bạc_liêu,Np
W00071,bài_báo,N
W00075B,bài_thơ,Nc
W00075N,bài_thơ,Nc
W00075T,bài_thơ,Nc
W00076,hệ_bài_tiết,N
W00079,bãi_biển_vũng_tàu,N
W00081,bãi_cát,N
W00082,bãi_cỏ,N
W00083,bãi_đỗ_xe,N
W00084,bãi_tắm,N
W00086B,ban_đêm,N
W00086N,ban_đêm,N
W00086T,ban_đêm,N
W00087,ban_giám_hiệu,N
W00089,ban_ngày,N
W00091,bàn_bạc,V
W00092,bàn_chải_đánh_răng,N
W00093,bàn_chân,N
W00094,bàn_ghế,N
W00095,bàn_là,N
W00096,bàn_phím_máy_vi_tính,N
W00097,bàn_tay,N
W00098,bàn_tán,V
W00099B,bản_đồ_việt_nam,N
W00099N,bản_đồ_việt_nam,N
W00099T,bản_đồ_việt_nam,N
W00100,bản_làng,N
W00101,bản_lề,N
W00102,bản_nhạc,N
W00103,bản_sao,N
W00104,bản_thân,N
W00105,bán_buôn,V
W00106,bán_đảo,N
W00107B,bán_hàng,V
W00107N,bán_hàng,V
W00107T,bán_hàng,V
W00108,bán_kính_hình_tròn,N
W00110B,bạn,N
W00110N,bạn,N
W00110T,bạn,N
W00111B,bạn_gái,N
W00111N,bạn_gái,N
W00111T,bạn_gái,N
W00112B,bạn_trai,N
W00112N,bạn_trai,N
W00112T,bạn_trai,N
W00113,bảng_học_sinh,N
W00115N,bảng_chia,N
W00115T,bảng_chia,N
W00116,bảng_chỉ_dẫn,N
W00118,bảng_chữ_cái_ngón_tay,N
W00119B,bảng_cộng,N
W00119N,bảng_cộng,N
W00119T,bảng_cộng,N
W00120,bảng_cửu_chương,N
W00121B,bảng_đen,N
W00121N,bảng_đen,N
W00121T,bảng_đen,N
W00122,hãng_máy_bay,N
W00123B,bảng_màu,N
W00124B,bảng_nhân,N
W00124N,bảng_nhân,N
W00124T,bảng_nhân,N
W00125,hãng_xe_máy,N
W00126B,bảng_trừ,N
W00126N,bảng_trừ,N
W00126T,bảng_trừ,N
W00127,bánh_bột_lọc,N
W00128,bánh_cốm,N
W00129B,bánh_cuốn,N
W00129N,bánh_cuốn,N
W00129T,bánh_cuốn,N
W00130,bánh_trung_thu,Nc
W00131,bánh_đa,N
W00132,bánh_đúc,N
W00133,bánh_gai,N
W00134,bánh_giầy,N
W00135,bánh_giò,N
W00136,bánh_gối,N
W00137B,bánh_mì,N
W00137N,bánh_mì,N
W00137T,bánh_mì,N
W00140,bánh_pizza,N
W00141,bánh_pía,N
W00142,hãng_tàu_thuyền,N
W00144,bánh_xe,N
W00145B,bao_giờ,P
W00145N,bao_giờ,P
W00145T,bao_giờ,P
W00146,bao_la,A
W00147,bao_nhiêu,P
W00150,bao_tay_trẻ_sơ_sinh,A
W00152,bảo_đảm,V
W00153,bảo_hiểm,N
W00155,lưu,V
W00156,bảo_tàng,N
W00157,bảo_thủ,V
W00158,tồn_tại,V
W00159B,bảo_vệ_môi_trường,V
W00159N,bảo_vệ_môi_trường,V
W00159T,bảo_vệ_môi_trường,V
W00160B,con_báo,Nc
W00160N,con_báo,Nc
W00160T,con_báo,Nc
W00161,báo_cáo,N
W00163,báo_động,V
W00166,báo_thù,V
W00170,bát,N
W00171,bát_hương,N
W00172,bát_ngát,A
W00173,làng_gốm_bát_tràng,N
W00174,bay,V
W00175,xì_hơi,V
W00175,đánh_rắm,V
W00175N,xì_hơi,V
W00175N,đánh_rắm,V
W00176,bay,V
W00179,bắc_bán_cầu,V
W00181,bắc_bộ,Np
W00182,bắc_giang,Np
W00183,bắc_kạn,Np
W00184N,bắc_nam,N
W00184T,bắc_nam,N
W00185,bắc_ninh,Np
W00186B,bắn_bi,V
W00186N,bắn_bi,V
W00186T,bắn_bi,V
W00187,bắn_súng,V
W00188,băng_bó,V
W00189,băng_chuyền,N
W00190,băng_dính,N
W00191,băng_giá,V
W00192,băng_hình,N
W00193,nước_băng_la_đét,Ni
W00194,bằng,E
W00195,bằng_phẳng,A
W00196B,bắp_ngô,N
W00196N,bắp_ngô,N
W00196T,bắp_ngô,N
W00197,bắt,V
W00198,bắt_đền,V
W00198B,bắt_đền,V
W00198N,bắt_đền,V
W00199,bắt_giữ,V
W00200,bắt_nạt,V
W00202,bắt_tay,V
W00203,bậc_thang,N
W00205,bập_bênh,N
W00206,bất_động,V
W00207,bất_hiếu,A
W00209,bật_đèn,V
W00210,bật_lửa,V
W00212,bầu_trời,N
W00213,bẫy_chim,V
W00214B,bẫy_chuột,V
W00214N,bẫy_chuột,V
W00214T,bẫy_chuột,V
W00215,cái_bẫy_chuột,N
W00216B,bẻ_ngô,V
W00216N,bẻ_ngô,V
W00216T,bẻ_ngô,V
W00217,bé_gái,N
W00218,bé_hơn,N
W00219,bé_loắt_choắt,A
W00220B,bé_trai,N
W00220N,bé_trai,N
W00220T,bé_trai,N
W00225,béo,A
W00228,bê_tông,N
W00230,bể_bơi,N
W00231,bể_cá,N
W00232,bế_em,V
W00234B,bệ_hạ,N
W00234T,bệ_hạ,N
W00235,bệ_xí,N
W00236,bên_cạnh,E
W00236N,bên_cạnh,E
W00237,bên_dưới,E
W00238,bên_phải,E
W00239,bên_trái,E
W00240,bên_trên,E
W00241,bên_trong,E
W00242,bến_phà,N
W00243,bến_tàu,N
W00244,bến_tre,Np
W00245,bến_xe,N
W00246,bênh_vực,V
W00247,bệnh_thủy_đậu,N
W00248,bệnh_nhân,N
W00249,bệnh_tật,N
W00252,bí_ngô,N
W00253,bị_động,A
W00254,bìa_sách,N
W00255B,bìa_vở,N
W00255N,bìa_vở,N
W00255T,bìa_vở,N
W00256,bịa_đặt,V
W00258,hóa_đơn,N
W00260,biển_đông,N
W00261,biển_hiệu,N
W00262N,biến_đổi,V
W00263,biện_pháp,N
W00265,biểu_đồ,N
W00266,biểu_đồ_cột,N
W00267,biểu_đồ_hình_quạt,N
W00270,biểu_thị,N
W00271,biểu_thức,N
W00273,bím_tóc_đuôi_sam,V
W00274B,bình_an,A
W00274N,bình_an,A
W00274T,bình_an,A
W00276,bình_dương,Np
W00277,bình_định,Np
W00279,bình_minh,N
W00282,bình_phương,N
W00283,bình_phước,Np
W00285,bình_thuận,Np
W00286B,bình_thường,A
W00286N,bình_thường,A
W00286T,bình_thường,A
W00287,cái_tất,N
W00288,bò,V
W00289,bò_sát,N
W00290,con_bò_tót,N
W00292,bỏ_hoang,V
W00293,bỏ_phiếu,V
W00294,bỏ_qua,V
W00295,bỏ_rơi,V
W00297,bó_đũa,V
W00298,bó_hoa,V
W00299,bóc_lột,V
W00300,bóc_vỏ,V
W00301,bọc_sách,V
W00302,bom_đạn,N
W00303,bom_nguyên_tử,N
W00304B,bón_phân,V
W00304N,bón_phân,V
W00304T,bón_phân,V
W00305,bỏng,A
W00306,bỏng_ngô,A
W00308,bóng_bay,N
W00312,boong_tàu,N
W00313,bọt_biển,N
W00314,bọt_xà_phòng,N
W00315,bồ_kết,V
W00316,bổ_ích,A
W00317,bổ_ngữ,N
W00318,bổ_trợ,V
W00320,bố_trí,V
W00321,bộ_truyện,N
W00322,bốc_vác,V
W00325,bố,N
W00326B,bố_dượng,N
W00326N,bố_dượng,N
W00326T,bố_dượng,N
W00327,bố_mẹ,N
W00328B,bộ_đội,N
W00328N,bộ_đội,N
W00328T,bộ_đội,N
W00329,bộ_sách,N
W00330,bốc_hơi,V
W00331,bốc_thăm,V
W00332,bồi_bàn,N
W00333,bồi_thường,V
W00334,bồn_hoa,N
W00335,bồn_rửa_bát,N
W00336B,bông_hoa,Nc
W00336N,bông_hoa,Nc
W00336T,bông_hoa,Nc
W00337B,bốt_cảnh_sát,N
W00337N,bốt_cảnh_sát,N
W00337T,bốt_cảnh_sát,N
W00338B,bốt_điện,N
W00338N,bốt_điện,N
W00338T,bốt_điện,N
W00340,bột_giặt,V
W00341B,bột_màu,N
W00341N,bột_màu,N
W00341T,bột_màu,N
W00342N,bột_ngọt,A
W00342T,bột_ngọt,A
W00344,bờ_biển,N
W00345,bờ_rào,N
W00346,bờ_ruộng,N
W00347,bơi,V
W00348,bơi_lội,V
W00349,cái_bơm,N
W00350,bơm_nước,V
W00351,bơm_xe,V
W00352,bờm_tóc,V
W00353,bớt,V
W00354,bớt_đi,V
W00355B,nước_bra_xin,Np
W00355N,nước_bra_xin,Np
W00355T,nước_bra_xin,Np
W00356B,nước_bru_nây,Np
W00356N,nước_bru_nây,Np
W00356T,nước_bru_nây,Np
W00357B,cỏ,N
W00357N,cỏ,N
W00357T,cỏ,N
W00358,bụi_đời,N
W00359B,bụi_phấn,N
W00359N,bụi_phấn,N
W00359T,bụi_phấn,N
W00360,nước_bun_ga_ri,Np
W00361,bùn,N
W00362,bụng,N
W00363,buộc_dây,V
W00364,buộc_tóc,V
W00366,buổi_chiều,N
W00367B,buổi_đêm,N
W00367N,buổi_đêm,N
W00367T,buổi_đêm,N
W00368B,buổi_sáng,N
W00368N,buổi_sáng,N
W00368T,buổi_sáng,N
W00369B,buổi_tối,N
W00369N,buổi_tối,N
W00369T,buổi_tối,N
W00370B,buổi_trưa,N
W00370N,buổi_trưa,N
W00370T,buổi_trưa,N
W00371,buôn_làng,N
W00372,buồn_nôn,A
W00374B,buông_màn,V
W00374N,buông_màn,V
W00374T,buông_màn,V
W00377,buồng_trứng,N
W00378,búp_bê,N
W00380,bút,N
W00381,bút_bi,N
W00382,bút_dạ,V
W00383B,bút_màu,N
W00383N,bút_màu,N
W00383T,bút_màu,N
W00384,bút_máy,N
W00385,bữa_cơm,N
W00386B,bức_tranh,Nc
W00386N,bức_tranh,Nc
W00386T,bức_tranh,Nc
W00387,bức_tường,Nc
W00388,bước,V
W00389,bước_chân,V
W00390N,bướng_bỉnh,A
W00390T,bướng_bỉnh,V
W00393,bưu_tá,N
W00395,ca,N
W00396,ca_nô,V
W00397,cà_mau,Np
W00398B,cá_kho,N
W00398N,cá_kho,N
W00398T,cá_kho,N
W00400,các_bạn,L
W00401,cãi_nhau,V
W00402,cái_bè,N
W00404B,cái_gương,Nc
W00404N,cái_gương,Nc
W00404T,cái_gương,Nc
W00405,cái_nhíp,Nc
W00406,cái_túi,Nc
W00407B,nước_cam_pu_chia,Np
W00407N,nước_cam_pu_chia,Np
W00407T,nước_cam_pu_chia,Np
W00409,cảnh_vật,N
W00410,cánh_tay,N
W00411,cạnh,N
W00412,cạnh_bên,N
W00413,cạnh_đáy,V
W00414,cạnh_đối_diện,N
W00415,người_cao,A
W004151,cao_người,A
W004152,cao_nhà,A
W004153,cao_núi,A
W00417,cao_bằng,Np
W00418,cao_độ,N
W00419,cao_nguyên,N
W00420,cao_quý,A
W00421,cao_tầng,A
W00422,cao_thấp,A
W00423,cao_tốc,A
W00424,cát,N
W00425,cau_có,N
W00426,cày,V
W00427,cày_ruộng,V
W00428,cặp_sách,N
W00429,cặp_tóc,N
W00430,cắt_nhau,V
W00431,cần_khởi_động,V
W00432,cấp_cứu,V
W00433,cấp_dưỡng,V
W00434,cất_giấu,V
W00435,cất_giữ,V
W00436,cất_tiếng_khóc,V
W00437,cất_tiếng_nói,N
W00438,câu_cá,V
W00439,câu_chuyện,N
W00440,câu_đố,N
W00441,câu_đối,N
W00442,câu_đơn,V
W00443,câu_ghép,N
W00444B,câu_thơ,N
W00444N,câu_thơ,N
W00444T,câu_thơ,N
W00445,câu_văn,N
W00446,cây_cầu,N
W00447,cầu_cứu,V
W00448,cầu_giao,N
W00449,cầu_kì,A
W00450,cầu_nguyện,V
W00451,cầu_thủ,N
W00452,cầu_tre,N
W00453,cáp_treo,N
W00454,cầu_trượt,V
W00455,cầu_vượt,V
W00456B,cây_ăn_quả,N
W00456N,cây_ăn_quả,N
W00456T,cây_ăn_quả,N
W00457B,cây_bàng,Nc
W00457T,cây_bàng,Nc
W00459B,cây_cổ_thụ,N
W00459N,cây_cổ_thụ,N
W00459T,cây_cổ_thụ,N
W00460,cây_cối,N
W00462,cây_đa,N
W00464,cây_gỗ,N
W00465,cây_khế,N
W00469B,cây_ngô,N
W00469N,cây_ngô,N
W00469T,cây_ngô,N
W00470B,cây_phượng,N
W00470N,cây_phượng,N
W00470T,cây_phượng,N
W00471,cây_sả,N
W00473,cây_số,N
W00474B,cây_thân_gỗ,N
W00474N,cây_thân_gỗ,N
W00474T,cây_thân_gỗ,N
W00476,cây_tre,Nc
W00477,cây_trồng,N
W00478,cây_xanh,N
W00479,cấy,V
W00480,cấy_lúa,V
W00481,cha,N
W00482,cha_mẹ,N
W00484B,chả_cá,N
W00484N,chả_cá,N
W00484T,chả_cá,N
W00485,chai,N
W00486,chai_nước,N
W00488,chàng_trai,N
W00489,chào,V
W00490,chào_cờ,V
W00492,chào_mừng,V
W00493B,chảo,N
W00493N,chảo,N
W00493T,chảo,N
W00494,chát,A
W00495B,cháu_gái,N
W00495N,cháu_gái,N
W00495T,cháu_gái,N
W00496B,cháu_ngoại,N
W00496N,cháu_ngoại,N
W00496T,cháu_ngoại,N
W00497B,cháu_nội,N
W00497N,cháu_nội,N
W00497T,cháu_nội,N
W00498B,cháu_trai,N
W00498N,cháu_trai,N
W00499,chày,N
W00500,cháy_rừng,V
W00501,chạy,V
W00502,chạy_bàn,V
W00503,chạy_chậm,V
W00504,chạy_nhanh,V
W00506,chú,N
W00507,chăm_học,V
W00508B,chăm_sóc_sức_khỏe,V
W00508N,chăm_sóc_sức_khỏe,V
W00508T,chăm_sóc_sức_khỏe,V
W00509B,chăn,N
W00509N,chăn,N
W00509T,chăn,N
W00510B,chăn_nuôi,V
W00510N,chăn_nuôi,V
W00510T,chăn_nuôi,V
W00512,chặn,V
W00513B,chặt,A
W00513N,chặt,A
W00513T,chặt,A
W00514,chặt_chẽ,A
W00515,châm_chọc,V
W00516B,châm_cứu,V
W00516N,châm_cứu,V
W00516T,châm_cứu,V
W00519,chấm_dứt,V
W00520,chấm_điểm,V
W00522,chân_dung,N
W00523,chân_đất,N
W00525,chân_tay,N
W00529,chất_dẻo,N
W00530,chất_đốt,N
W00531,chất_độc,N
W00533,chất_độc_màu_da_cam,N
W00534,chất_hữu_cơ,N
W00536,chất_lỏng,V
W00537,chất_lượng,N
W00538,chất_rắn,V
W00539,chất_thải,N
W00540,chật_chội,A
W00542,châu_á_thái_bình_dương,N
W00544,châu_đại_dương,Np
W00545,chậu,V
W00546,che_chở,V
W00547,che_phủ,V
W00548,chè_đỗ_đỏ,N
W00550,chém,V
W00551,chen_lấn,V
W00552,chèn_ép,V
W00553,chén,N
W00554,chèo_thuyền,V
W00555,chép_bài,V
W00559,tạo_thành,V
W00561,chi_hội,N
W00562,khó_tiêu,A
W00563,chi_tiết,N
W00564,chỉ,R
W00565,chỉ_dẫn,V
W00567,chỉ_huy,V
W00568,chỉ_khâu,R
W00569,đường_chỉ_tay,N
W00570B,chị,N
W00570N,chị,N
W00570T,chị,N
W00571B,chị_chồng,N
W00571N,chị_chồng,N
W00572,chị_dâu,N
W00573,chi_lê,Ni
W00575B,chia,V
W00575N,chia,V
W00575T,chia,V
W00577,chia_cắt,V
W00578,chia_đều,V
W00579,chia_hết,V
W00580,chia_phần,V
W00581,chia_sẻ,V
W00582,chia_tay,V
W00583,chìa_khóa,N
W00584B,chiếc_gối,Nc
W00584N,chiếc_gối,Nc
W00584T,chiếc_gối,Nc
W00585,chiếm_đoạt,V
W00588,chiến_khu,N
W00590,sĩ_quan,N
W00591,chiến_thắng,V
W00593,chiêng,N
W00594,chiều_cao,N
W00595,chiều_dài,N
W00596,chiều_rộng,N
W00597,chiều_tối,N
W00598,chiếu,N
W00598B,chiếu,N
W00598T,chiếu,N
W00599,chiếu_phim,V
W00601,cá_mập,N
W00602,chim_bồ_câu,N
W00603,chim_chào_mào,N
W00604,chim_chích_chòe,N
W00605,chim_chóc,N
W00606,chim_đại_bàng,N
W00608,chim_gõ_kiến,N
W00609,chim_phượng_hoàng,N
W00610,chim_sâu,N
W00611,chim_sẻ,V
W00612,chim_sơn_ca,N
W00614,chim_yến,N
W00615,chỉnh_sửa,V
W00616,chín,V
W00617B,chính_phủ,N
W00617T,chính_phủ,N
W00618,chính_quyền,N
W00619,chính_tả,A
W00620B,chính_xác,A
W00620N,chính_xác,A
W00620T,chính_xác,A
W00623,chó_sói,N
W00624,chó_xù,N
W00625,chọi_gà,V
W00626,chọi_trâu,V
W00628,chọn_lọc,V
W00629,chọn_lựa,V
W00630,chong_chóng,V
W00632,chồi_non,N
W00633B,chống_đối,V
W00633N,chống_đối,V
W00633T,chống_đối,V
W00634,chợ_bến_thành,N
W00635,chợ_nổi,N
W00636,chợ_nổi_cái_bè,N
W00637,chợ_nổi_cái_răng,N
W00638,luân_phiên,N
W00638N,luân_phiên,N
W00639B,chơi,V
W00639T,chơi,V
W00640,chớp_mắt,N
W00641,chu_vi,N
W00642,chủ_đề,N
W00644,chủ_động,V
W00645,chủ_nghĩa_xã_hội,N
W00646,chủ_ngữ,N
W00647,chủ_nhiệm,N
W00648,nước_tới_chân_mới_nhảy,N
W00649B,chủ_tịch,N
W00649N,chủ_tịch,N
W00649T,chủ_tịch,N
W00650,chú_hề,N
W00651,chú_rể,N
W00652,chú_tễu,N
W00653,thích_nghi,V
W00654,chú_ý,V
W00655B,chùa,N
W00655N,chùa,N
W00655T,chùa,N
W00657,chùa_hương,Np
W00658,chùa_một_cột,N
W00662B,chuẩn_bị,V
W00662N,chuẩn_bị,V
W00662T,chuẩn_bị,V
W00663B,chúc_mừng,V
W00663N,chúc_mừng,V
W00663T,chúc_mừng,V
W00664B,chúc_tết,V
W00664N,chúc_tết,V
W00664T,chúc_tết,V
W00665B,chúc_thọ,V
W00665N,chúc_thọ,V
W00665T,chúc_thọ,V
W00666,chục,M
W00667,chục_nghìn,M
W00668,chục_triệu,M
W00669,chui,V
W00671,chúi_đầu,V
W00672,chum,N
W00673,chùm_hoa,N
W00674,chùm_khế,Nc
W00676,chùm_nho,N
W00677,chùm_vải,N
W00678,chung_kết,N
W00679,chuỗi_hạt,N
W00683,chuông,N
W00684,chuông_nhà,N
W00685,chuồng,N
W00686,chuột_quang,N
W00687,chụp_ảnh,V
W00688,chụp_đèn,V
W00689,chuyên_biệt,A
W00690,chuyên_cần,A
W00691B,chuyên_gia,N
W00691N,chuyên_gia,N
W00691T,chuyên_gia,N
W00692,chuyền_bóng,V
W00693,chim_chuyền_cành,N
W00694,chuyển_đồ,V
W00696,chuyển_đổi_số_đo,V
W00697,chuyển_động,V
W00698,chuyển_động_đều,N
W00699,chuyển_động_quay,V
W00700,chuyển_giao,V
W00701,chuyển_hướng,V
W00702,chuyển_vế,V
W00703,chuyện_trò,V
W00705,chữ_cái,N
W00706,chữ_hoa,N
W00707,chữ_viết,N
W00708B,chữa_bài,V
W00708N,chữa_bài,V
W00708T,chữa_bài,V
W00709,chữa_cháy,V
W00710,chức_năng,N
W00712,chứng_kiến,V
W00713,chương_trình,N
W00714,chữ,N
W00716,chữa_bệnh,V
W00717,chức_vụ,N
W00718,chứng_cớ,N
W00719,chứng_minh,V
W00720,chứng_nhận,V
W00721,co_dãn,V
W00722,co_giật,V
W00724,cỏ_may,N
W00726,có_ích,A
W00728,trọng_nam_khinh_nữ,V
W00729,còi,N
W00730,còi_xương,V
W00731,coi_thường,V
W00732,máy_vi_tính,N
W00733,con_ba_ba,Nc
W00734B,con_bê,Nc
W00734N,con_bê,Nc
W00734T,con_bê,Nc
W00735B,con_bò,Nc
W00735N,con_bò,Nc
W00735T,con_bò,Nc
W00736,con_bướm,Nc
W00737B,con_cá,Nc
W00737N,con_cá,Nc
W00737T,con_cá,Nc
W00738,con_chim,Nc
W00739B,con_chó,Nc
W00739N,con_chó,Nc
W00739T,con_chó,Nc
W00740,con_chồn,Nc
W00741,con_chuồn_chuồn,Nc
W00742B,con_chuột,Nc
W00742N,con_chuột,Nc
W00742T,con_chuột,Nc
W00743,con_chuột_nhắt,Nc
W00745,con_cò,Nc
W00746,con_cóc,Nc
W00747B,con_cọp,Nc
W00747N,con_cọp,Nc
W00747T,con_cọp,Nc
W00748,con_công,Nc
W00749,con_cua,Nc
W00750,con_cú_mèo,Nc
W00751,con_cừu,Nc
W00752,con_dâu,Nc
W00753,con_dê,Nc
W00754,con_dế,Nc
W00755,con_đẻ,N
W00756,con_đom_đóm,Nc
W00757,con_đường,Nc
W00758B,con_ếch,Nc
W00758N,con_ếch,Nc
W00758T,con_ếch,Nc
W00759,con_gà,Nc
W00760,con_gái,N
W00761,con_gấu,Nc
W00762,con_ghẹ,NC
W00763,con_gián,Nc
W00764,con_hoẵng,Nc
W00766,con_hươu,Nc
W00767,con_khỉ,Nc
W00768B,con_kiến,Nc
W00768N,con_kiến,Nc
W00768T,con_kiến,Nc
W00770B,con_lợn,Nc
W00770N,con_lợn,Nc
W00770T,con_lợn,Nc
W00771,con_lươn,Nc
W00772B,con_mèo,Nc
W00772N,con_mèo,Nc
W00772T,con_mèo,Nc
W00773B,con_muỗi,Nc
W00773N,con_muỗi,Nc
W00773T,con_muỗi,Nc
W00774,con_mực,Nc
W00775,con_nai,Nc
W00776,con_ngỗng,Nc
W00777B,con_người,N
W00777N,con_người,N
W00777T,con_người,N
W00778B,con_ngựa,Nc
W00778N,con_ngựa,Nc
W00778T,con_ngựa,Nc
W00779,con_nhím,Nc
W00780B,con_nuôi,N
W00780N,con_nuôi,N
W00780T,con_nuôi,N
W00781N,con_ong,Nc
W00781T,con_ong,Nc
W00782,con_ốc,Nc
W00783,con_quạ,Nc
W00784,con_rắn,Nc
W00785,con_rối,N
W00786,con_ruồi,Nc
W00787N,con_rùa,Nc
W00788,con_sâu,N
W00789,con_sò,Nc
W00790,con_sóc,Nc
W00791,con_sói,Nc
W00792,con_sông,Nc
W00793,con_số,N
W00794N,con_sư_tử,Nc
W00794T,con_sư_tử,Nc
W00795,con_tem,Nc
W00796,con_thỏ,Nc
W00797B,con_tôm,Nc
W00797N,con_tôm,Nc
W00797T,con_tôm,Nc
W00798,con_trai,Nc
W00799,con_trăn,Nc
W00800,con_trỏ,N
W00801,con_vẹt,Nc
W00802,con_vịt,Nc
W00803B,con_voi,Nc
W00803N,con_voi,Nc
W00803T,con_voi,Nc
W00804,cong,A
W00805,còng,N
W00806,còng,A
W00807,cõng,V
W00809,cô_dâu,N
W00811,cô_đơn,A
W00812B,cô_giáo,N
W00812N,cô_giáo,N
W00812T,cô_giáo,N
W00814,cổ,N
W00815,cổ_áo,N
W00816,cổ_chân,N
W00817,cổ_đại,N
W00818,cổ_họng,N
W00819,cổ_kính,A
W00820B,cố_gắng,V
W00820N,cố_gắng,V
W00820T,cố_gắng,V
W00822,cổ_tay,N
W00823,cổ_truyền,A
W00824,cổ_vũ,V
W00825N,cổng_trường,N
W00825T,cổng_trường,N
W00826,cỗ,N
W00827,cố_định,V
W00829,cô_lôm_bi_a,N
W00830,cổ_tích,N
W00831,cố_ý,V
W00832,cốc,N
W00833,cối_giã,N
W00834,cối_xay_gió,N
W00835,cối_xay_lúa,N
W00836,cốm,N
W00837,côn_trùng,N
W00838,công_bằng,A
W00839,công_chúa,N
W00840,công_cộng,A
W00841,công_cụ,N
W00843,công_nhận,V
W00844,công_sức,N
W00845,công_tắc,N
W00846,công_thức,N
W00848B,công_trường,N
W00849,công_ước,N
W00850B,công_viên,N
W00850N,công_viên,N
W00850T,công_viên,N
W00851,công_việc,N
W00852,paris,Np
W00854,cổng,N
W00856,cống,N
W00857B,cộng,V
W00857N,cộng,V
W00857T,cộng,V
W00858,cộng_hòa_séc,N
W00859,cốp_xe,N
W00861,cột,V
W00862,cột_đèn,N
W00863B,cột_điện,N
W00863N,cột_điện,N
W00863T,cột_điện,N
W00865,cột_nhà,N
W00866,cột_sống,N
W00867,cơ_bắp,N
W00868B,cơ_hội,N
W00868N,cơ_hội,N
W00868T,cơ_hội,N
W00870,cơ_quan,N
W00871,cơ_sở,N
W00872,cơ_thể,N
W00876,cởi_áo,V
W00877,cơm_hộp,N
W00878,cờ,N
W00880,cờ_ca_rô,N
W00881,cờ_tướng,N
W00882,cờ_vua,N
W00883,cởi_mở,V
W00884,cơm,N
W00885B,cơm_bình_dân,N
W00885N,cơm_bình_dân,N
W00885T,cơm_bình_dân,N
W00887,cu_ba,N
W00889,củ_đậu,N
W00890,củ_khoai_lang,N
W00892,củ_từ,N
W00893,cụ_thể,A
W00894,cúc_áo,V
W00895,cúi,V
W00899,cuống_hoa,N
W00900,cù,N
W00901,củ_cà_rốt,N
W00902,củ_cải_trắng,N
W00903,củ_gừng,N
W00904,củ_hành_tây,N
W00905,củ_khoai_tây,N
W00906,củ_nghệ,N
W00907,củ_su_hào,N
W00908,củ_tỏi,N
W00909,củ_sả,N
W00910,cụ,N
W00911,cụ_đồ,N
W00912,cụ_già,N
W00914,cục_tẩy,N
W00915,cùi_chỏ,N
W00916,củi,N
W00918,cụm_từ,N
W00922,cuộc_đời,N
W00923,cuộc_sống,N
W00924,cuốn,V
W00925,cuộn_giấy_vệ_sinh,V
W00926,cuống_lá,N
W00929,cử_chỉ_điệu_bộ,N
W00930,cử_động,N
W00931,cưa,N
W00932,cưa,V
W00935B,cửa_hàng,N
W00935N,cửa_hàng,N
W00935T,cửa_hàng,N
W00936,cửa_khẩu,N
W00937,cửa_kính,N
W00939,cửa_sổ,N
W00941,cưỡi_ngựa,V
W00942,yên_ngựa,N
W00943B,cướp,V
W00943N,cướp,V
W00943T,cướp,V
W00944,cướp_biển,V
W00945,cướp_cờ,V
W00946,cướp_giật,V
W00947,cứu,V
W00948,cứu_hộ,V
W00951,dai,A
W00952,dài,A
W00953,dài_hạn,A
W00954,dài_hơn,A
W00955,dài_nhất,A
W00958,dải_phân_cách,N
W00959,dàn_bài,N
W00960,dàn_nhạc,N
W00963,danh_bạ,N
W00964,danh_dự,N
W00965,danh_hiệu,N
W00966,danh_lam_thắng_cảnh,N
W00967,danh_mục,N
W00968,danh_nhân,N
W00969,danh_sách,N
W00970,danh_từ,N
W00971,danh_từ_riêng,N
W00972,dán,V
W00973,dao,N
W00975,dãy_nhà,Nc
W00976,dãy_núi,N
W00977,dãy_số,N
W00978,dãy_số_liệu,N
W00979,dạy,V
W00980,dặn_dò,V
W00981,dắt,V
W00982,dân_ca,N
W00983,dân_chài,N
W00985,gian_lận,A
W00987,dân_số,N
W00988B,dân_tộc,N
W00988N,dân_tộc,N
W00988T,dân_tộc,N
W00989B,dân_tộc_thiểu_số,N
W00989N,dân_tộc_thiểu_số,N
W00989T,dân_tộc_thiểu_số,N
W00990,dẫn_chương_trình,V
W00991,dẫn_chứng,V
W00992,dập,V
W00993,dầu_ăn,N
W00994,dầu_gội_đầu,N
W00995,dầu_hoả,N
W00996,dầu_khí,N
W00997,dầu_mỏ,N
W00998,dấu_bằng,N
W01001,dấu_chấm,N
W01002,dấu_chấm_hỏi,V
W01003,dấu_chấm_than,N
W01004,dấu_chia,N
W01005,dấu_gạch_ngang,N
W01006,dấu_hai_chấm,N
W01008,bắt_buộc,V
W01009,dấu_ngoặc_đơn,N
W01010,dấu_nhân,N
W01011,dấu_phẩy,V
W01014,dây_buộc_tóc,N
W01015,dây_chun,N
W01016B,dây_điện,N
W01016N,dây_điện,N
W01016T,dây_điện,N
W01017,dây_thần_kinh,N
W01018,dây_thừng,N
W01019,dây_xích,N
W01021,dẻo,A
W01022B,dép_quai_hậu,V
W01022N,dép_quai_hậu,V
W01022T,dép_quai_hậu,V
W01024,dê_con,N
W01025,dê_mẹ,N
W01026,dễ_chịu,A
W01027,dễ_thương,A
W01028,dệt,V
W01029,di_chuyển,V
W01032B,di_truyền,V
W01032N,di_truyền,V
W01032T,di_truyền,V
W01033B,dịch_vụ,N
W01033N,dịch_vụ,N
W01033T,dịch_vụ,N
W01034,diêm,N
W01035,kịch,N
W01036,kịch_câm,N
W01038,diễn_thuyết,V
W01039,diện_tích,N
W01040,diện_tích_toàn_phần,N
W01041,diện_tích_xung_quanh,N
W01042,diệt_chủng,V
W01043,xịt_côn_trùng,V
W01044,diều,N
W01046,dinh_độc_lập,Np
W01050,hăm_dọa,V
W01051,doanh_nghiệp,N
W01053,doanh_trại,N
W01054,dọc,A
W01055,dòng_chữ,N
W01056,dòng_họ,N
W01058,dòng_sông,N
W01060,dốc,N
W01061,dốt,A
W01062,du_học,V
W01064,du_thuyền,N
W01068,dũng_cảm,A
W01069,dụng_cụ,N
W01070,duyên_dáng,A
W01071,duyệt_binh,N
W01075B,nhà_nước,N
W01075N,nhà_nước,N
W01075T,nhà_nước,N
W01076,dựng_phim,V
W01078,đá_bóng,V
W01079,pháo_đài,N
W01080,đài_sen,V
W01082B,đại_diện,V
W01082N,đại_diện,V
W01082T,đại_diện,V
W01083,đại_dương,N
W01085,đại_số,N
W01086,đại_tá,N
W01088,đại_tướng,N
W01089,đại_úy,N
W01092,đảm_nhiệm,V
W01093,đám_ma,N
W01094,đám_mây,Nc
W01095,đan,V
W01096,đàn_xê_lô_đại_vĩ_cầm,N
W01098,đàn_bầu,V
W01099,đàn_bướm,Nc
W01100,đàn_ghi_ta,N
W01101,đàn_kiến,Nc
W01103,đàn_tơ_rưng,Nc
W01104,đàng_ngoài,N
W01105,đàng_trong,V
W01106,đáng_quý,V
W01107,đánh,V
W01108,đánh_bắt,V
W01110,đánh_giá,V
W01112,đánh_răng,V
W01113,đánh_trống,V
W01114,đạn,N
W01115,đào_tạo,V
W01116,đảo,N
W01117,đảo_lý_sơn,N
W01118,đảo_phú_quốc,N
W01122,đặc_biệt,A
W01122B,đặc_biệt,A
W01122N,đặc_biệt,A
W01122T,đặc_biệt,A
W01124,đặc_điểm,N
W01125,đắk_lắk,Np
W01126,đăng_ký,V
W01127,đăng_nhập,V
W01128,đằng_sau,N
W01129,đằng_trước,N
W01130,đặng_văn_ngữ,Np
W01131,đắt_đỏ,A
W01132,đặt,V
W01134,đập,V
W01135,đất,N
W01137,đất_màu_mỡ,N
W01138,đất_nặn,N
W01140,đất_trồng_cây,N
W01141,đầu_gối,N
W01142,đầu_hàng,V
W01143,đầu_tàu,N
W01144,đầu_tiên,A
W01145,đầu_xuôi_đuôi_lọt,N
W01146,đấu_tranh,V
W01148,đấu_vật,N
W01149,đầy,A
W01150,đầy_đủ,A
W01151,đầy_tớ,A
W01152,đẩy,V
W01153B,đen_láy,A
W01153N,đen_láy,A
W01153T,đen_láy,A
W01154B,đèn_báo_giao_thông,N
W01154N,đèn_báo_giao_thông,N
W01154T,đèn_báo_giao_thông,N
W01155B,đèn_điện,N
W01155N,đèn_điện,N
W01155T,đèn_điện,N
W01156,đèn_đỏ,N
W01158,đèn_lồng,N
W01159B,đèn_pin,N
W01159N,đèn_pin,N
W01159T,đèn_pin,N
W01161B,đèn_vàng,N
W01161N,đèn_vàng,N
W01161T,đèn_vàng,N
W01162B,đèn_xanh,N
W01162N,đèn_xanh,N
W01162T,đèn_xanh,N
W01164,đeo_kính,V
W01165B,đèo_hải_vân,N
W01165N,đèo_hải_vân,N
W01165T,đèo_hải_vân,N
W01166,đèo,N
W01170,đẹp_đẽ,A
W01172,đẹp_mê_hồn,A
W01173,để,E
W01175,đề_ca_mét,N
W01176,đề_ca_mét_vuông,N
W01177B,đề_nghị,V
W01177N,đề_nghị,V
W01177T,đề_nghị,V
W01179,đề_tài,N
W01181,đề_xi_mét,N
W01182,đề_xi_mét_khối,V
W01183,đề_xi_mét_vuông,N
W01184,đếm,V
W01185N,đền,V
W01186,đền_hùng,Np
W01188,đều_đặn,A
W01190,đi,V
W01191,đi_học,V
W01192,đĩa,N
W01193,đĩa_dvd,Nc
W01194,địa_cầu,N
W01196,địa_đạo_củ_chi,N
W01197,địa_điểm,N
W01199,địa_lí,N
W01201,đích,N
W01203,điểm_ở_giữa_đoạn_thẳng,N
W01204,tấm_lòng,Nc
W01205B,điện,N
W01205N,điện,N
W01205T,điện,N
W01207,điện_biên_phủ,Np
W01208,điện_thoại,N
W01210,điêu_khắc,N
W01211,quả_điều,Nc
W01211N,quả_điều,Nc
W01212B,điều_phối,V
W01212N,điều_phối,V
W01213B,điều_hòa,V
W01213T,điều_hòa,V
W01214,điều_khiển,V
W01215,điều_kiện,N
W01216,điều_tra,V
W01217,điều_trị,V
W01219,đinh,N
W01224,đỉnh,N
W01225,đỉnh_núi,N
W01226,định_vị,V
W01227,đo,V
W01229,đoàn_cải_lương,Nc
W01231,đoàn_thanh_niên,Nc
W01232,đoàn_tụ,V
W01234,đoán,V
W01235,đoạn_thẳng,V
W01236,đoạn_thơ,Nc
W01237,đoạn_văn,N
W01239,đọc_sách,V
W01241,đón,V
W01242,đón_tiếp,V
W01243,đóng_cửa,V
W01244,đóng_dấu,V
W01246,đóng_góp,V
W01248,đô_thị,N
W01249,đồ_chơi,N
W01250,đồ_dùng_dạy_học,N
W01251,đồ_dùng_học_tập,N
W01254,độc_hại,V
W01255,đôi_dép,M
W01256,đổi,V
W01257,đối_diện,V
W01258,đối_tượng,N
W01259B,nhập_ngũ,V
W01259N,nhập_ngũ,V
W01259T,nhập_ngũ,V
W01260,đội_trưởng,N
W01261,đồn_công_an,N
W01262,đông_nam,Np
W01263,đông_nam_á,Np
W01264,đồng_bằng,N
W01265,đồng_hồ,N
W01266,đồng_nai,Np
W01267,đồng_tháp_mười,Np
W01268,đổ_nước,V
W01272,độc_lập,N
W01273,đôi_chân,M
W01274,đôi_tay,M
W01277,đổi_mới,V
W01279,đối_thoại,V
W01280,đối_xử,V
W01281,đối_xứng,V
W01283,đội_thiếu_niên,N
W01284,trống,A
W01286,đông_dương,Np
W01287,đông_lạnh,A
W01288,đông_timor,Np
W01289,đồng_bào,N
W01293,đồng_lúa,N
W01294B,đồng_phục,N
W01294N,đồng_phục,N
W01294T,đồng_phục,N
W01295,đồng_ruộng,N
W01296,đồng_tiền,N
W01297,rơm_rớm,V
W01298,nhiệt_độ,N
W01299,động_cơ,N
W01301,tác_động,V
W01302,động_viên,V
W01304B,đợi,V
W01304N,đợi,V
W01304T,đợi,V
W01305,đơn_giản,A
W01310,dung_tích,N
W01313,tính,V
W01314,đỡ,V
W01315,đua_ngựa,V
W01316,đua_thuyền,V
W01317,đua_xe_máy,V
W01318,đũa,N
W01321,đun_nấu,V
W01322,đuốc,N
W01323,đuôi,N
W01324,sa_thải,V
W01325,đưa_đón,V
W01326,đứng_nghiêm,V
W01328,đựng,V
W01329,đường_biên_giới,N
W01330,đường_bộ,N
W01331,đường_cao,N
W01332,đường_chéo,V
W01335,đường_hàng_không,N
W01336,đường_hầm,N
W01337,đường_kính,N
W01341,đường_nguyễn_huệ,N
W01343,đường_sắt,N
W01344,đường_thẳng,N
W01345,đường_thuỷ,N
W01346,đường_tròn,N
W01348B,e_thẹn,V
W01348N,e_thẹn,V
W01348T,e_thẹn,V
W01349,em_dâu,N
W01350,em_gái,N
W01351B,em_rể,N
W01351N,em_rể,N
W01351T,em_rể,N
W01352B,em_trai,N
W01352N,em_trai,N
W01352T,em_trai,N
W01353,em_út,N
W01354,email,Nb
W01357,ê_đê,Nc
W01358,ế_ẩm,A
W01360,ê_ti_ô_pi_a,Ni
W01364B,ga_tàu,N
W01364N,ga_tàu,N
W01364T,ga_tàu,N
W01365N,gà_mái,N
W01366,gà_rừng,N
W01367,gà_tây,N
W01368,gà_trống,N
W01375,gai,N
W01376,gãi_đầu_gãi_tai,V
W01377,gan,N
W01378N,gan_dạ,A
W01379,gan_lì,A
W01381,gang_tay,N
W01382,gánh,V
W01384B,gạo,N
W01384N,gạo,N
W01384T,gạo,N
W01385,gạo_nếp,V
W01387,gãy_chân,V
W01388,gãy_tay,V
W01389,gáy,V
W01390,gặm_cỏ,V
W01391,gặm_xương,V
W01392,gắn_bó,V
W01393,găng_tay,N
W01394,gắp_thức_ăn,V
W01395,gặp_gỡ,V
W01396,gặt_lúa,V
W01397,gần_gũi,V
W01398,gấp_giấy,V
W01399,gấp_quần_áo,V
W01400,gật_đầu,V
W01401,gật_gù,V
W01403B,gầy,A
W01403N,gầy,A
W01403T,gầy,A
W01404,gậy_của_người_già,N
W01406,ghé_thăm,V
W01407,ghép_hình,V
W01410,ghi_chép,V
W01411,ghi_chú,V
W01412,ghi_hình,V
W01413,ghi_nhớ,V
W01415,gia_lai,Np
W01417T,giả_bộ,N
W01418,giả_mạo,V
W01419,giả_sử,V
W01420,giá_sách,N
W01423,giai_đoạn,N
W01424,giải_thích,V
W01425,giảm,V
W01426,giám_sát,V
W01427,giàn_mướp,N
W01429,giao_hàng,V
W01430B,giao_thông,N
W01430N,giao_thông,N
W01432,giã,V
W01433B,giá_trị,N
W01433N,giá_trị,N
W01433T,giá_trị,N
W01434B,giá_trị_phần_trăm,N
W01434N,giá_trị_phần_trăm,N
W01434T,giá_trị_phần_trăm,N
W01435,giá_trị_tuyệt_đối,N
W01437,giải_lao,V
W01438,giải_quyết,V
W01440,giải_vô_địch,N
W01441,giám_đốc,N
W01442,giám_khảo,V
W01443,gian_khổ,A
W01444,giàn_khoan,N
W01445,giàn_nho,N
W01447B,gián_tiếp,A
W01447N,gián_tiếp,A
W01447T,gián_tiếp,A
W01450,giao_hoán,V
W01451,giao_lưu,V
W01452,giao_thừa,N
W01453B,giao_tiếp,V
W01453N,giao_tiếp,V
W01453T,giao_tiếp,V
W01456,giáo_dục,N
W01458,giáo_sĩ,N
W01459,giàu_có,A
W01462,giấc_ngủ,N
W01463,giẫm,V
W01464,giận_dỗi,V
W01465,giận_dữ,A
W01466,giật_mình,V
W01467,giầy_ba_ta,N
W01468,giầy_dép,V
W01469,giầy_thể_thao,N
W01470B,giấy,N
W01470N,giấy,N
W01470T,giấy,N
W01471B,giấy_ăn,N
W01471N,giấy_ăn,N
W01471T,giấy_ăn,N
W01472B,giấy_màu,N
W01472N,giấy_màu,N
W01472T,giấy_màu,N
W01473B,giấy_nháp,N
W01473N,giấy_nháp,N
W01473T,giấy_nháp,N
W01474,giấy_tờ,N
W01476,giẻ_lau,N
W01477,gieo_xúc_xắc,V
W01478,giếng_nước,N
W01479,giết,V
W01482,gió_lào,Np
W01485,giỏi,A
W01486,giọng_ca,N
W01487,giọng_nói,N
W01489,giông_bão,N
W01490,giống_nhau,A
W01491,giơ_tay,V
W01493,giới_hạn,V
W01494,giới_thiệu,V
W01497B,giúp_đỡ,V
W01497N,giúp_đỡ,V
W01497T,giúp_đỡ,V
W01498,giường,N
W01501,góc_bẹt,V
W01502,góc_bếp,N
W01503,góc_học_tập,N
W01505,góc_nhọn,V
W01506,góc_tù,N
W01507,góc_vuông,N
W01508,góc_vườn,N
W01509,gói,V
W01510,gói,V
W01511,gọi,V
W01512,gọn_gàng,A
W01513,góp_ý,V
W01514,gọt_bút_chì,V
W01515,gọt_bút_chì,V
W01516B,gỗ,N
W01516N,gỗ,N
W01516T,gỗ,N
W01517,gốm_sứ,N
W01518,gợi_ý,V
W01519,gửi,V
W01520,gửi_quà,V
W01522,gửi_thư,V
W01523,gương,N
W01524,gương_mặt,N
W01525,gương_mẫu,N
W01526,hà_giang,Np
W01527,hà_lan,Np
W01530,hạ_long,Np
W01532,hài_hước,V
W01533,hải_dương,Np
W01534,hải_đảo,N
W01536,hàm_răng,N
W01537,hạn_hán,N
W01539,hàng_chục,R
W01540,hàng_chục_nghìn,R
W01541,hàng_chục_triệu,R
W01542,hàng_dọc,N
W01543,hàng_đơn_vị,N
W01545,hàng_ngang,N
W01546,hàng_nghìn,R
W01547,hàng_trăm,R
W01548,hàng_trăm_nghìn,N
W01550,hàng_triệu,R
W01552,hàng_xóm,N
W01554,hành_động,V
W01556,hành_lang,N
W01557B,hành_quân,V
W01557N,hành_quân,V
W01557T,hành_quân,V
W01558,hành_tinh,N
W01559,hành_vi,N
W01560,hát_ru,V
W01562,hạt,N
W01563,hạt_cườm,Nc
W01566,hạt_lạc,N
W01567,hạt_lúa,N
W01568,hạt_tiêu,N
W01569,hăng_hái,A
W01570,hằng_đẳng_thức,N
W01571,hắt_hơi,V
W01572,hậu_giang,Np
W01573,hậu_quả,N
W01575B,héc_ta,N
W01576B,héc_tô_gam,N
W01576N,héc_tô_gam,N
W01576T,héc_tô_gam,N
W01577B,héc_tô_mét,N
W01577N,héc_tô_mét,N
W01577T,héc_tô_mét,N
W01578B,héc_tô_mét_vuông,N
W01578N,héc_tô_mét_vuông,N
W01578T,héc_tô_mét_vuông,N
W01579,héo,A
W01580,hét,V
W01582B,hệ_thống,N
W01582N,hệ_thống,N
W01582T,hệ_thống,N
W01583B,hi_sinh,V
W01583N,hi_sinh,V
W01583T,hi_sinh,V
W01584B,hi_vọng,V
W01584N,hi_vọng,V
W01584T,hi_vọng,V
W01587,hiện_đại,A
W01588,hiện_nay,N
W01591B,hiểu,V
W01591N,hiểu,V
W01591T,hiểu,V
W01593,hiếu_thảo,A
W01594,hiệu_thuốc,N
W01595,hiệu,N
W01596,hiệu_cầm_đồ,N
W01599,hình,N
W01600,hình_bình_hành,N
W01601,hình_cầu,N
W01602,hình_chiếu,N
W01603,hình_dáng,N
W01604,hình_elip,N
W01605,hình_học,N
W01606,hình_hộp_chữ_nhật,N
W01608,hình_lập_phương,N
W01610,hình_phạt,N
W01612,hình_thang,N
W01616,hình_trụ,N
W01617,hình_tứ_giác,N
W01618,hình_vẽ,N
W01619B,hoa,N
W01619N,hoa,N
W01619T,hoa,N
W01620,hoa_cúc,N
W01621,hoa_đào,N
W01622,hoa_hồng,N
W01625,hoa_lay_ơn,N
W01629B,hoa_sen,N
W01629N,hoa_sen,N
W01629T,hoa_sen,N
W01634,hòa_bình,N
W01637,hòa_nhập,V
W01638,họa_sỹ,N
W01641,hoàn_thành,V
W01643,hoán_vị,V
W01645,hoàng_đế,N
W01646,hoàng_hôn,N
W01649,hoàng_tử,Np
W01650,hoảng_sợ,V
W01651B,hoạt_động,V
W01655B,hoạt_hình,N
W01655N,hoạt_hình,N
W01655T,hoạt_hình,N
W01656,học_giỏi,V
W01658,học_sinh_miền_nam,N
W01659,học_trung_bình,V
W01660,hỏi_han,V
W01661,hòn_đá,Nc
W01662,hót_rác,V
W01665,học_bổng,N
W01666,học_kém,V
W01668,học_nhóm,V
W01669,học_phí,N
W01670,học_tập,V
W01671,học_trò,N
W01672B,hỏi,V
W01672N,hỏi,V
W01672T,hỏi,V
W01673B,hỏi_thăm,V
W01674B,hòn_bi,N
W01675B,hỏng,A
W01675N,hỏng,A
W01675T,hỏng,A
W01676,họng,N
W01677B,họp,V
W01677N,họp,V
W01677T,họp,V
W01678,hót,V
W01679,hót_rác,V
W01681,hồ_chí_minh,Np
W01682,hồ_dán,N
W01684,hồ_hoàn_kiếm,N
W01686,hồ_nước,N
W01690B,hồi_hộp,V
W01690N,hồi_hộp,V
W01690T,hồi_hộp,V
W01692B,hối_hận,V
W01692N,hối_hận,V
W01692T,hối_hận,V
W01693,hối_lộ,V
W01695B,hội_nghị,N
W01696,hội_thảo,V
W01696N,hội_thảo,V
W01698,hội_trường,N
W01700,hôn,V
W01701,hỗn_số,N
W01702,hộp,N
W01703,hộp_bút,N
W01704,hộp_sữa,Nc
W01706,hơi_nước,N
W01707B,hợp_đồng,N
W01707T,hợp_đồng,N
W01708,hợp_lí,A
W01709,hợp_tác,V
W01710,huân_chương,N
W01711,hung_ác,A
W01712,hung_thủ,V
W01714,hung_ga_ri,I
W01715,hùng_vương,Np
W01716,hút_nước,V
W01717,hút_thuốc_lá,V
W01718,huy_hiệu,N
W01719,huỷ_diệt,V
W01721B,huyện,N
W01721N,huyện,N
W01721T,huyện,N
W01723,hưng_yên,Np
W01724,hướng_dẫn,V
W01725,muối_i_ốt,N
W01726,i_rắc,Ni
W01727,ích_lợi,V
W01728B,in,V
W01730,ít,A
W01731,ít_hơn,A
W01732,ít_nhất,X
W01733,italia,N
W01734,kẻ_cắp,V
W01735,kèn,N
W01737,kẻ_thù,N
W01738B,kém,A
W01738N,kém,A
W01738T,kém,A
W01739,keo_kiệt,A
W01740,kéo,V
W01743B,kẹo,N
W01743N,kẹo,N
W01743T,kẹo,N
W01744,kẹp,V
W01746,kể_chuyện,V
W01750,kết_bạn,V
W01751,kết_hợp,V
W01754B,kết_quả,N
W01754N,kết_quả,N
W01754T,kết_quả,N
W01755,kêu,V
W01756,kêu_gọi,V
W01757,khác,A
W01758,khách,N
W01759,khách_mời,N
W01760,khách_sạn,N
W01761,khách_vip,N
W01764,hoang_mang,V
W01766,khai_mạc,V
W01767,khám_bệnh,V
W01768,khám_phá,V
W01770,kháng_cự,V
W01771,kháng_sinh,N
W01772,khánh_hòa,Np
W01774,khát_nước,V
W01775,khát_vọng,V
W01776,khắc_phục,V
W01777,khăn_mặt,N
W01779,khăn_quàng,N
W01780,khăn_quàng_đỏ,N
W01783,khâm_phục,V
W01784,khâu_vá,V
W01785,khẩu_hiệu,N
W01786,khẩu_trang,N
W01787,khe_cửa,N
W01788,khe_núi,N
W01789,khen,V
W01791,khen_tặng,V
W01792,khéo,A
W01793,khép_cửa,V
W01794,khí_cầu,N
W01796,khiêm_tốn,A
W01800,khiêng,V
W01803B,khó_khăn,A
W01803N,khó_khăn,A
W01804,khoa_học,N
W01806,khóa_quần,N
W01807,khoác_vai,V
W01808,khoan,V
W01809,khoảng_cách,N
W01810,khoá,N
W01811,khóa_cửa,N
W01813,khoác_áo,V
W01814,khoác_tay,V
W01815,khoan,V
W01816,khoang_tàu,N
W01820,khoanh_tay,V
W01821,khóc,V
W01822,khoe,V
W01823,khoẻ_mạnh,A
W01824B,khỏi_bệnh,V
W01824N,khỏi_bệnh,V
W01824T,khỏi_bệnh,V
W01825,khói,N
W01826,khóm_dứa,Nc
W01827,bụi_tre,Nc
W01828,khô_héo,N
W01829,khổ_thơ,N
W01831,cầu_long_biên,N
W01832,khối_lượng,N
W01833,không_gian,N
W01834,không_thẳng_hàng,R
W01835,khổng_lồ,A
W01836,khố,N
W01840B,không_hiểu,R
W01840N,không_hiểu,R
W01840T,không_hiểu,R
W01841,không_khí,N
W01842,khổ,A
W01842N,khổ,A
W01847,khớp_xương,N
W01849,khu_rừng,N
W01851,khu_vườn,N
W01852,vực_sâu,N
W01854,khúc_khuỷu,A
W01856,khung_cửa_số,N
W01857,khung_thành,N
W01858,khuôn_hình,V
W01859,khuy,V
W01860,khuyên_tai,V
W01861,kì_diệu,A
W01862,kì_lạ,A
W01863,kí_duyệt,V
W01864,ki_lô_gam,N
W01865,ki_lô_mét_vuông,N
W01866B,kỉ_niệm,V
W01866N,kỉ_niệm,V
W01866T,kỉ_niệm,V
W01867,kí_hiệu,N
W01869,ki_lô_mét,N
W01871,kỉ_luật,N
W01872B,kí_tên,V
W01872N,kí_tên,V
W01872T,kí_tên,V
W01876,kịch_bản,N
W01878B,kiểm_tra,V
W01878N,kiểm_tra,V
W01878T,kiểm_tra,V
W01879,kiếm,V
W01881,kiên_giang,Np
W01882,kiên_quyết,V
W01883,kiên_trì,A
W01885,kiến_thức,N
W01886,kiến_trúc,V
W01887,kiến_trúc_sư,N
W01888,kiêu,V
W01890,kim,N
W01897,kinh_ngạc,V
W01898B,kinh_nghiệm,N
W01898N,kinh_nghiệm,N
W01898T,kinh_nghiệm,N
W01900,kính,V
W01902,kính_hiển_vi,N
W01903,kính_lão,N
W01904,kính_lúp,N
W01906,kính_trọng,V
W01908,kon_tum,Np
W01909,la_bàn,N
W01910,la_hét,V
W01911B,là_gì,V
W01911N,là_gì,V
W01911T,là_gì,V
W01912B,lá_cây,N
W01912N,lá_cây,N
W01913,lá_thư,Nc
W01914,lạc_long_quân,Np
W01915,lạc_quan,A
W01920B,lái_tàu_hỏa,V
W01920N,lái_tàu_hỏa,V
W01920T,lái_tàu_hỏa,V
W01924,làm_bài_tập,V
W01924N,làm_bài_tập,V
W01925B,làm_quen,V
W01926,làm_ruộng,V
W01928,làm_việc,V
W01930,lang_thang,V
W01932,làn_sóng,N
W01939,làng_xóm,N
W01940,lạng_sơn,Np
W01942,lãnh_đạo,N
W01943,thổ_dân,N
W01944,lao_phổi,N
W01945B,lào,Np
W01945N,lào,Np
W01945T,lào,Np
W01947,lão_già,N
W01948,lau_chùi,V
W01949,lau_khô,N
W01950,lau_nhà,V
W01951,lắc_đầu,V
W01953,lăng_bác_hồ,N
W01955,lắng_nghe,V
W01956,lặn,V
W01957,lặng_lẽ,A
W01960,lắp_ráp,V
W01961,lâm_đồng,Np
W01962,lẫn_lộn,V
W01964,lầu,N
W01966,lây_bệnh,V
W01967,lây_nhiễm,V
W01970,lấy,V
W01973,leo_trèo,V
W01977,lễ_bế_giảng,N
W01977B,lễ_bế_giảng,N
W01978B,lễ_hội,N
W01978N,lễ_hội,N
W01978T,lễ_hội,N
W01979B,lễ_nô_en,N
W01979N,lễ_nô_en,N
W01979T,lễ_nô_en,N
W01982B,lễ_hội_hóa_trang,N
W01982N,lễ_hội_hóa_trang,N
W01982T,lễ_hội_hóa_trang,N
W01983,lễ_phép,A
W01984,lễ_vật,N
W01986,lên_đường,V
W01987,lên_ngôi,V
W01989,lên_xe,V
W01991,lều_trại,N
W01992,lí_do,N
W01996B,liên_bang_nga,N
W01996N,liên_bang_nga,N
W01996T,liên_bang_nga,N
W01998B,liên_hoan,V
W01998N,liên_hoan,V
W01998T,liên_hoan,V
W01999,liên_kết,V
W02000B,liên_lạc,V
W02000N,liên_lạc,V
W02000T,liên_lạc,V
W02001B,liên_quan,V
W02001N,liên_quan,V
W02001T,liên_quan,V
W02002,liên_tục,A
W02003,liền_sau,R
W02004,liền_trước,R
W02005,liệt,A
W02006,liều_lĩnh,A
W02008,liều_mình,V
W02010,linh_hồn,N
W02011,lĩnh_hội,V
W02012B,lĩnh_vực,N
W02012N,lĩnh_vực,N
W02012T,lĩnh_vực,N
W02016,lo_sợ,V
W02018,lò_xo,N
W02019,lọ_hoa,N
W02020,lọ_mực,N
W02021,loa,N
W02024B,loài_vật,N
W02024N,loài_vật,N
W02024T,loài_vật,N
W02025,loạn_thị,N
W02026,lon_bia,Nc
W02027,long_an,Np
W02032,lọng,V
W02035,lỗi_chính_tả,N
W02036,lỗi_lầm,N
W02037,lối_đi,N
W02039,lông,N
W02040,lông_gà,N
W02041,lồng_bàn,N
W02042,lồng_chim,N
W02043,lồng_tiếng,V
W02046,lơ_lửng,A
W02047,lời_giải,V
W02048,lời_nói,N
W02049,lợi_ích,N
W02052,lớp,N
W02055,lớp_phó,N
W02057,lớp_trưởng,N
W02059,lũ_quét,N
W02060,lúa,N
W02064B,luật_chơi,V
W02064N,luật_chơi,V
W02064T,luật_chơi,V
W02065,luật_lệ,N
W02066B,lúc_nào,P
W02066N,lúc_nào,P
W02066T,lúc_nào,P
W02067,lục_địa,N
W02068,lục_giác,V
W02070,lùi_bước,V
W02071,lúng_túng,A
W02073,lũy_tre,N
W02074,luyện_tập,V
W02075,luyện_từ_và_câu,V
W02076,lửa,N
W02077,lược,V
W02078B,lười,A
W02078N,lười,A
W02078T,lười,A
W02079B,lười_học,N
W02079N,lười_học,N
W02079T,lười_học,N
W02080,lưỡi,N
W02081,lưỡi_câu,N
W02083,lưới,N
W02084,lượm,V
W02090,lương_thực,N
W02091,lướt_ván,V
W02096,cây_thông,N
W02097,dự_trữ,V
W02098,lưu_ý,V
W02099,lựu,N
W02100,lựu_đạn,N
W02104,ma,N
W02105,ma_cà_rồng,N
W02106,ma_quỷ,N
W02107,ma_sát,V
W02108,ma_túy,N
W02109,mã_vạch,N
W02110,má,N
W02112,mạch_lạc,N
W02113,mạch_máu,N
W02116,mái_chèo,N
W02117,mái_hiên,N
W02118,mái_nhà,N
W02119,mái_tóc,N
W02120B,màn,N
W02120N,màn,N
W02120T,màn,N
W02125,mạng_lưới,N
W02129,mạnh_bạo,A
W02131,mạnh_mẽ,A
W02132,màu_cam,N
W02133B,màu_đen,N
W02134,màu_đỏ,N
W02137B,màu_nâu,N
W02137N,màu_nâu,N
W02137T,màu_nâu,N
W02138,màu_nhiệm,V
W02140B,màu_trắng,N
W02140N,màu_trắng,N
W02140T,màu_trắng,N
W02142B,màu_xanh_da_trời,N
W02142N,màu_xanh_da_trời,N
W02142T,màu_xanh_da_trời,N
W02143B,màu_xanh_lá_cây,N
W02143N,màu_xanh_lá_cây,N
W02143T,màu_xanh_lá_cây,N
W02144,má,N
W02145,máy_ảnh,N
W02146,máy_bơm,N
W02147,máy_chiếu,N
W02148B,máy_in,N
W02148N,máy_in,N
W02148T,máy_in,N
W02149,máy_khâu,N
W02150,máy_quay,N
W02151,máy_tính,N
W02152,máy_tính_bỏ_túi,N
W02155,mắc_áo,V
W02156,mặc,V
W02159,mặc_kệ,V
W02160,mặc_quần_áo,V
W02161,mắm,V
W02162,măng,N
W02164B,mắng,V
W02164N,mắng,V
W02164T,mắng,V
W02166,mặt,N
W02171,mặt_đất,N
W02172,mặt_vuông,N
W02173,mặt_nạ,N
W02175,mặt_dài,N
W02177,mâm_cơm,N
W02178B,mâm_ngũ_quả,N
W02178N,mâm_ngũ_quả,N
W02178T,mâm_ngũ_quả,N
W02180,mầm_cây,N
W02181,mầm_non,N
W02182,mất_ngủ,V
W02183,mất_trí,V
W02187B,mật_khẩu,N
W02187N,mật_khẩu,N
W02187T,mật_khẩu,N
W02189,mật_ong,N
W02191,mẫu_số,N
W02192,mẫu_số_bé,N
W02193,mẫu_số_chung,N
W02194,mẫu_số_lớn,N
W02195,mây,N
W02196,mấy_giờ,L
W02197,mét,Nu
W02198,mét_khối,N
W02199,mét_vuông,N
W02200B,mexico,Np
W02200N,mexico,Np
W02200T,mexico,Np
W02202,mê_say,V
W02203,mê_tín,V
W02204,mềm_mại,A
W02205,mênh_mông,A
W02208,mi_li_mét,N
W02209,mĩ_thuật,N
W02211,miền_bắc_việt_nam,N
W02212,miền_nam_việt_nam,N
W02214,miêu_tả,V
W02215,minh_hoạ,V
W02217,khoan,V
W02218,móc_áo,V
W02219,mặt_trời_mọc,N
W02220,mõm,N
W02221B,muốn,V
W02221N,muốn,V
W02221T,muốn,V
W02222,mặt_trời_lặn,N
W02223,móng_chân,N
W02225,móng_tay,N
W02226,móng_vuốt,N
W02227,mô_hình,N
W02229,mồ_côi,A
W02230,mồ_côi_cha_mẹ,A
W02231,mồ_hôi,N
W02234,mộc_nhĩ,N
W02235,môi,N
W02236,môi_trường,N
W02237,mỗi,L
W02238,môn_âm_nhạc,N
W02239B,môn_đạo_đức,N
W02239N,môn_đạo_đức,N
W02239T,môn_đạo_đức,N
W02240N,môn_giáo_dục_công_dân,N
W02241,môn_giáo_dục_thể_chất,N
W02242,môn_khoa_học,N
W02243,môn_kĩ_thuật,N
W02243B,môn_kĩ_thuật,N
W02243N,môn_kĩ_thuật,N
W02243T,môn_kĩ_thuật,N
W02244B,môn_lịch_sử,N
W02244N,môn_lịch_sử,N
W02244T,môn_lịch_sử,N
W02245,môn_mĩ_thuật,N
W02246,môn_ngoại_ngữ,N
W02247,môn_sinh_học,N
W02248,môn_tiếng_việt,N
W02249,môn_tin_học_và_công_nghệ,N
W02250,môn_toán,N
W02251,môn_tự_nhiên_và_xã_hội,N
W02252,một_cặp,M
W02253,một_đôi,M
W02254,một_mình,X
W02255,mơ_ngủ,V
W02256,mơ_ước,V
W02257,mở,V
W02258,mở_cửa,V
W02259,mở_đầu,V
W02260,mở_màn,V
W02261,mở_rộng,V
W02262,mớ_rau,N
W02263,mời,V
W02264B,mới,A
W02264N,mới,A
W02264T,mới,A
W02265,mũ_lưỡi_trai,N
W02266,mua_bán,V
W02267,mua_vé,V
W02269,mùa_đông,N
W02270B,mùa_hè,N
W02270N,mùa_hè,N
W02270T,mùa_hè,N
W02271,mùa_thu,N
W02272B,mùa_xuân,N
W02272N,mùa_xuân,N
W02272T,mùa_xuân,N
W02273,múa_rối,V
W02275,mũ,N
W02276,múa,V
W02277,múa_lân,V
W02278,múa_sạp,V
W02279,mục_lục,N
W02280,mui_xe,N
W02281,muộn,A
W02282,mưa_phùn,N
W02283,mứt,N
W02284,nam_bán_cầu,Np
W02285,nam_định,Np
W02289,nạn_nhân,N
W02290,náo_động,V
W02291,náo_nức,V
W02292B,nạp_điện,V
W02292N,nạp_điện,V
W02292T,nạp_điện,V
W02294,năm_ngoái,N
W02295,nằm,V
W02296,nắn_nót,V
W02297,năng_khiếu,N
W02298,năng_lực,N
W02300,nặn,V
W02301,nặng_hơn,A
W02302,nắp,N
W02303,nấm,N
W02304,nẻ,V
W02305,nén,V
W02311,nét_mặt,N
W02321,nếm,V
W02322,nền_nhà,N
W02323,nến,N
W02324,ngà_voi,V
W02325,ngã_ba,N
W02327B,ngày_khai_trường,N
W02328N,ngày_nhà_giáo_việt_nam,N
W02328T,ngày_nhà_giáo_việt_nam,N
W02329B,ngày_tháng,N
W02329N,ngày_tháng,N
W02329T,ngày_tháng,N
W02330,ngã,V
W02332,ngạc_nhiên,V
W02333,ngành_nghề,N
W02334,ngày_đêm,N
W02336B,ngày_nay,N
W02336N,ngày_nay,N
W02336T,ngày_nay,N
W02337B,ngày_quốc_tế_lao_động,N
W02337N,ngày_quốc_tế_lao_động,N
W02337T,ngày_quốc_tế_lao_động,N
W02338B,ngày_sinh,N
W02338N,ngày_sinh,N
W02338T,ngày_sinh,N
W02339,ngày_xưa,N
W02340,ngăn_cản,V
W02342,ngăn_chặn,V
W02343,ngắn,A
W02344,ngắn_nhất,A
W02345B,ngắt_hoa,V
W02345N,ngắt_hoa,V
W02346,ngâm_hạt,V
W02348,ngân_hàng,N
W02349,ngẩng_đầu,V
W02350,ngập_lụt,V
W02352,ngây_thơ,A
W02353,nghe,V
W02354B,nghé,N
W02354N,nghé,N
W02354T,nghé,N
W02355,nghẹn_ngào,V
W02356,nghệ_sĩ,N
W02357B,nghệ_thuật,N
W02357N,nghệ_thuật,N
W02357T,nghệ_thuật,N
W02359B,nghi_ngờ,V
W02359N,nghi_ngờ,V
W02359T,nghi_ngờ,V
W02360B,nghỉ_hè,V
W02360N,nghỉ_hè,V
W02360T,nghỉ_hè,V
W02361B,nghỉ_học,V
W02361N,nghỉ_học,V
W02361T,nghỉ_học,V
W02362,nghỉ_hưu,V
W02363,nghỉ_mát,V
W02364,nghỉ_ngơi,V
W02366,nghĩa_đen,N
W02367,nghiên_cứu,V
W02368,nghĩ,V
W02369,nghị_lực,N
W02370,nghĩa_bóng,N
W02371,nghĩa_trang,N
W02373B,nghiêm_khắc,A
W02373N,nghiêm_khắc,A
W02373T,nghiêm_khắc,A
W02374,nghiêm_túc,A
W02375,nghiến_răng,V
W02378,ngoại_hình,N
W02380,xâm_hại_tình_dục,V
W02381,ngoan_ngoãn,A
W02382,ngoắc_tay,V
W02383,ngoặc_đơn,V
W02384,ngoặc_kép,V
W02385,ngoằn_ngoèo,A
W02387,ngói,N
W02388,ngon_giấc,V
W02390,ngon_miệng,A
W02391,ngõ,N
W02392,ngón_chân,N
W02393,ngón_tay,N
W02394B,ngọn_cây,Nc
W02394N,ngọn_cây,Nc
W02394T,ngọn_cây,Nc
W02395N,ngô,N
W02395T,ngô,N
W02398,ngộ_độc,V
W02399,ngộ_nghĩnh,A
W02400B,ngồi,V
W02400N,ngồi,V
W02400T,ngồi,V
W02401,ngôn_ngữ,N
W02402B,ngũ_quả,N
W02402N,ngũ_quả,N
W02402T,ngũ_quả,N
W02403,nguệch_ngoạc,A
W02404,nguồn_gốc,N
W02405B,nguy_hiểm,A
W02405N,nguy_hiểm,A
W02405T,nguy_hiểm,A
W02407B,nguyên_nhân,N
W02418,nguyện_vọng,N
W02421,ngữ_điệu,V
W02422,ngước_nhìn,V
W02423,ngược_đãi,V
W02424,ngược_lại,X
W02426,người_bán_hàng,N
W02428,người_gửi,N
W02430B,người_lái_xe,Nc
W02430N,người_lái_xe,Nc
W02430T,người_lái_xe,Nc
W02431,người_lạ,N
W02432,người_máy,N
W02433,người_nhận,N
W02435B,người_quen,N
W02435N,người_quen,N
W02435T,người_quen,N
W02437B,người_xấu,N
W02437N,người_xấu,N
W02437T,người_xấu,N
W02438B,người_xưa,N
W02438N,người_xưa,N
W02438T,người_xưa,N
W02439B,người_yêu,N
W02439N,người_yêu,N
W02439T,người_yêu,N
W02440,ngưỡng_mộ,V
W02441,nhà_bác_học,N
W02443,nhà_cửa,N
W02447,nhà_sàn,N
W02448,nhà_tầng,N
W02449,nhà_thơ,N
W02450,nhà_thờ,N
W02451,nhà_thờ_đức_bà,N
W02453,nhà_toán_học,N
W02455B,nhà_trường,N
W02455N,nhà_trường,N
W02455T,nhà_trường,N
W02456,nhà_tù,N
W02461B,nhãn_vở,A
W02461N,nhãn_vở,A
W02461T,nhãn_vở,A
W02462,nhanh_nhẹn,A
W02463,nhào_lộn,V
W02464,nhát_gan,V
W02465,nhảy_cao,V
W02466,nhảy_dù,V
W02467,nhảy_múa,V
W02468,nháy_mắt,V
W02469,nhạy_cảm,A
W02470,nhắc_nhở,V
W02471,nhăn_mặt,V
W02472,nhặt_rau,V
W02473B,nhân,C
W02473N,nhân,C
W02473T,nhân,C
W02476,nhân_cách_hoá,V
W02477,nhân_chứng,N
W02478,nhân_dân,N
W02479B,nhân_hậu,A
W02479N,nhân_hậu,A
W02479T,nhân_hậu,A
W02481,nhân_vật,N
W02483,nhận_hàng,V
W02485,nhận,V
W02486,nhận_thức,V
W02487,nhận_xét,V
W02488,nhấp_nháy,V
W02490B,nhập_trường,V
W02490N,nhập_trường,V
W02490T,nhập_trường,V
W02492B,nhật,Np
W02492N,nhật,Np
W02492T,nhật,Np
W02493,nhẹ_hơn,A
W02494,nhẹ_nhàng,A
W02495,nhi_đồng,N
W02497B,nhiệt_kế,N
W02497N,nhiệt_kế,N
W02497T,nhiệt_kế,N
W02498,nhiều_hơn,A
W02499,nhìn,V
W02500,nhỏ__nhỏ_bé,A
W02501,nhỏ_hơn,A
W02502,nhỏ_tuổi,A
W02503,nhóm,N
W02504,nhọn,A
W02505,nhọn_hoắt,A
W02506,nhổ_củ_cải,V
W02508,nhu_cầu,N
W02512,nhụy_hoa,N
W02513,như_hình_với_bóng,V
W02514,nhược_điểm,N
W02515,nhường_nhịn,V
W02517,niềm_vui,Nc
W02518,ninh_bình,Np
W02519,ninh_thuận,Np
W02520B,no,A
W02520N,no,A
W02520T,no,A
W02521,nỏ,V
W02522,nóc_nhà,N
W02523,nói_chuyện,V
W02524,nói_dối,V
W02526,nói_leo,V
W02527,nón,N
W02528,nô_lệ,N
W02529,nổ_lốp_xe,V
W02530,nổ_mìn,V
W02531,nổ_súng,V
W02532,nồi,N
W02534,nồi_cơm_điện,N
W02535,nổi_bật,A
W02536,nổi_dậy,V
W02537,nổi_giận,V
W02538,nổi_nóng,V
W02539,nối_tiếp,V
W02540B,nội_dung,N
W02540N,nội_dung,N
W02540T,nội_dung,N
W02541,nội_quy,N
W02542,nội_tiếp,N
W02544,nông_nghiệp,N
W02546,nông_thôn,N
W02548,nốt_ruồi,V
W02549,nơ,V
W02550,nơi_chốn,N
W02551,núi_lửa,V
W02554,nước_mắt,N
W02555B,nước_việt_nam,N
W02555N,nước_việt_nam,N
W02555T,nước_việt_nam,N
W02556,oa_sinh_tơn,Np
W02557,óc,V
W02558,ô_ăn_quan,N
W02559,ô_nhiễm,V
W02561,ô_tô,N
W02564,ốc_vít,N
W02565,ôm,V
W02567,ốm_đau,V
W02569,ôn_luyện,V
W02570,ôn_tập,V
W02571,ổn_định,V
W02572,ông_già,N
W02575B,ông_ngoại,N
W02575N,ông_ngoại,N
W02575T,ông_ngoại,N
W02576B,ông_nội,N
W02576N,ông_nội,N
W02576T,ông_nội,N
W02577,ống_nghe,N
W02578,ống_nhòm,N
W02579,ống_nước,N
W02580B,ở_ngoài,E
W02580N,ở_ngoài,E
W02580T,ở_ngoài,E
W02581,ở_trong,E
W02582,pa_ki_xtan,Ni
W02583,pê_ru,Ni
W02584,pha_cà_phê,V
W02585,pha_chế,V
W02586,pha_lê,V
W02587,phà,N
W02589B,phá,V
W02589N,phá,V
W02589T,phá,V
W02597B,phản_bội,V
W02597N,phản_bội,V
W02597T,phản_bội,V
W02598,phản_động,V
W02600,phản_xạ,N
W02602,phao,V
W02605,pháo_hoa,N
W02606,pháo_sáng,N
W02608,phát_biểu,V
W02609,phát_động,V
W02610,phát_hiện,V
W02614,phân_công,V
W02615,phân_loại,V
W02616,phân_số,N
W02617,hai_phân_số_bằng_nhau,M
W02618,phân_số_thập_phân,V
W02619,phân_số_tối_giản,N
W02620,phân_tích,V
W02626,giữ_nguyên,N
W02628,phần_trăm,N
W02630B,phấn,N
W02630N,phấn,N
W02630T,phấn,N
W02631,phấn_đấu,V
W02634,phấn_trang_điểm,N
W02635,phấp_phới,V
W02637,phật,N
W02640,phép_mầu,V
W02641,phép_tính,N
W02643,phê_bình,V
W02644,phễu,N
W02645,phi_công,N
W02647,phi_ngựa,N
W02648,phi_tiêu,V
W02649,phích_nước,N
W02651B,phiên_dịch,V
W02651N,phiên_dịch,V
W02651T,phiên_dịch,V
W02654B,nước_phi_líp_pin,N
W02654N,nước_phi_líp_pin,N
W02654T,nước_phi_líp_pin,N
W02656B,phim_hoạt_hình,N
W02656N,phim_hoạt_hình,N
W02656T,phim_hoạt_hình,N
W02657,phim_tài_liệu,N
W02658B,phim_truyện,N
W02658N,phim_truyện,N
W02658T,phim_truyện,N
W02660,phong_bì,N
W02661,phong_cách,N
W02662,phong_kiến,N
W02665,phong_trào,N
W02666,phong_tục,N
W02667,phòng_âm_nhạc,N
W02668,phòng_bệnh,V
W02669,phòng_chống,V
W02670,phòng_chức_năng,N
W02672,phòng_đa_năng,N
W02675,phòng_học_tin_học,N
W02677,phòng_máy_tính,N
W02678,phòng_mĩ_thuật,N
W02679,phòng_thí_nghiệm,N
W02680,phòng_thư_viện,N
W02682,phòng_y_tế,N
W02685,phô_tô,V
W02686,phổ_biến,V
W02689,phố,N
W02690,phố_cổ,N
W02691,phố_cổ_hội_an,N
W02693,phổi,N
W02696B,phở,N
W02696N,phở,N
W02696T,phở,N
W02697B,phở_cuốn,N
W02697N,phở_cuốn,N
W02697T,phở_cuốn,N
W02698,phơi_quần_áo,V
W02699,phù_hợp,V
W02701,phủ_nhận,V
W02702,phú_thọ,Np
W02704,phụ_huynh,N
W02707,phục_hồi,V
W02709,phục_vụ,V
W02710,phun_nước,V
W02712,phức_tạp,A
W02713,phương_hướng,N
W02714,phương_pháp,N
W02715,phương_tiện,N
W02716B,phương_tiện_giao_thông,N
W02716N,phương_tiện_giao_thông,N
W02716T,phương_tiện_giao_thông,N
W02718,pi_a_nô,N
W02718,dương_cầm,N
W02721,quả,N
W02722,quả_bầu,N
W02724B,quả_bưởi,N
W02724N,quả_bưởi,N
W02724T,quả_bưởi,N
W02725,quả_cam,N
W02728,quả_chanh,Nc
W02729,quả_chôm_chôm,N
W02730,quả_chuối,N
W02731B,quả_dưa_hấu,N
W02731N,quả_dưa_hấu,N
W02731T,quả_dưa_hấu,N
W02732B,quả_dừa,Nc
W02732N,quả_dừa,Nc
W02732T,quả_dừa,Nc
W02733B,quả_dừa_xiêm,Nc
W02733N,quả_dừa_xiêm,Nc
W02733T,quả_dừa_xiêm,Nc
W02734,quả_đất,N
W02735,quả_địa_cầu,N
W02737B,quả_đu_đủ,N
W02737N,quả_đu_đủ,N
W02737T,quả_đu_đủ,N
W02739,quả_gấc,N
W02740,quả_hồng,N
W02741,quả_hồng_xiêm,Nc
W02742B,quả_khế,N
W02742N,quả_khế,N
W02742T,quả_khế,N
W02744,quả_lê,N
W02745,quả_mít,Nc
W02746,quả_mướp,Nc
W02747,quả_na,N
W02748B,quả_nhãn,N
W02748N,quả_nhãn,N
W02748T,quả_nhãn,N
W02749,quả_nho,N
W02750,quả_ổi,N
W02751,quả_ớt,N
W02752,quả_quất,N
W02753,quả_quýt,N
W02754B,quả_roi,N
W02754N,quả_roi,N
W02754T,quả_roi,N
W02755,quả_sầu_riêng,N
W02756,quả_su_su,N
W02757B,quả_táo,N
W02757N,quả_táo,N
W02758,quả_thanh_long,N
W02759,quả_vải,N
W02760,quả_xoài,N
W02761,quá_cảnh,V
W02762,quan_điểm,N
W02763,quan_hệ,V
W02765,quan_tâm,V
W02766,quan_trọng,A
W02769,quang_hợp,N
W02771,quàng_khăn,V
W02772,quảng_bình,Np
W02773,quảng_cáo,V
W02774,quảng_ngãi,Np
W02775,quảng_ninh,Np
W02776,quát_mắng,V
W02777,quạt_cây,N
W02778,quay_cóp,V
W02779,quay_phim,V
W02780,quà,N
W02781,quảng_nam,Np
W02782,quảng_trị,Np
W02783,quạt_treo_tường,N
W02784B,quân_đội,N
W02784N,quân_đội,N
W02786,quần_âu,N
W02787B,quần_bò,N
W02787N,quần_bò,N
W02787T,quần_bò,N
W02788,quần_đùi,N
W02789,quần_yếm,N
W02790B,quận,N
W02790N,quận,N
W02790T,quận,N
W02794,quét_dọn,V
W02795,quét_nhà,V
W02797B,quê,N
W02797N,quê,N
W02797T,quê,N
W02798,quên,V
W02799,quốc_ca,N
W02800,quốc_gia,N
W02801,quốc_hội,N
W02802,quốc_khánh,N
W02804,đề_phòng,V
W02805,quốc_tế,N
W02806,trần_quốc_toản,Np
W02807,quốc_tử_giám,Np
W02808,quy_định,V
W02809,quy_đồng_mẫu_số,N
W02810,quy_nạp,V
W02811,quy_tắc,N
W02812,quý_giá,V
W02813B,quyền_lợi,N
W02813N,quyền_lợi,N
W02813T,quyền_lợi,N
W02814B,quyết_định,V
W02814N,quyết_định,V
W02814T,quyết_định,V
W02815,quỳ,V
W02816,quý_hiếm,N
W02818B,quyển_vở,Nc
W02818N,quyển_vở,Nc
W02818T,quyển_vở,Nc
W02820B,quyết_tâm,V
W02820N,quyết_tâm,V
W02820T,quyết_tâm,V
W02823,ra_lệnh,V
W02825B,ra_ngoài,V
W02825N,ra_ngoài,V
W02825T,ra_ngoài,V
W02828,rách,A
W02831,rạch,N
W02832,rào_chắn,V
W02833,rạp_chiếu_phim,N
W02835,rau,N
W02836,rau_bắp_cải,N
W02837,rau_cải,N
W02839,rau_cải_thảo,N
W02841,rau_dền,N
W02844,rau_mùng_tơi,N
W02845,rau_ngót,N
W02847B,rằm_trung_thu,N
W02847N,rằm_trung_thu,N
W02847T,rằm_trung_thu,N
W02848,răng,N
W02849,răng_cưa,N
W02851,râu,N
W02852,rẽ_phải,V
W02853,rèn_sắt,V
W02854,rèn_luyện,V
W02855,reo_hò,V
W02856,rễ_cây,N
W02857,rễ_chùm,N
W02858,rễ_cọc,V
W02859,rế,V
W02860,riêng_biệt,A
W02861,riêng_tư,A
W02862,rình_mò,V
W02863,rìu,V
W02864B,rõ_ràng,A
W02864T,rõ_ràng,A
W02865N,róc_rách,A
W02866,rón_rén,R
W02867,rong_biển,V
W02868B,rong_chơi,N
W02868N,rong_chơi,N
W02868T,rong_chơi,N
W02870,rổ,N
W02872,rộng_lớn,A
W02873,rộng_rãi,A
W02874,rơi,V
W02875,rơm,N
W02876,ru_ngủ,V
W02877,rụng_tóc,V
W02878,ruộng_bậc_thang,N
W02879,ruột_già,N
W02880,ruột_non,N
W02883,rút_gọn,V
W02884,rút_gọn_phân_số,V
W02885,rửa_bát,V
W02886,rửa_chân,V
W02887,rửa_mặt,V
W02888,rửa_tay,V
W02892,rừng_núi,N
W02893,rừng_rậm,N
W02894,rừng_thưa,N
W02895,rước_đèn,V
W02897B,rưỡi,M
W02897N,rưỡi,M
W02897T,rưỡi,M
W02898B,rượu,N
W02898N,rượu,N
W02898T,rượu,N
W02900,sách,N
W02901,sách_giáo_khoa,N
W02902,sách_toán,N
W02903,san_hô,N
W02906,san_sẻ,V
W02912,sản_xuất,V
W02915,sáng_chói,N
W02916,sáng_kiến,V
W02918,sáng_tạo,V
W02919N,sao,P
W02919T,sao,P
W02921,sao_chép,V
W02922,đỏ_thắm,A
W02923,sáo,V
W02925,sapa,Np
W02926,sau,E
W02927,say_sưa,V
W02929,săn_bắn,V
W02931B,sắp_xếp,V
W02931N,sắp_xếp,V
W02931T,sắp_xếp,V
W02932B,sắt,N
W02932N,sắt,N
W02932T,sắt,N
W02934,sấm_chớp,N
W02935,sấm_sét,N
W02936B,sân_chơi,N
W02936T,sân_chơi,N
W02937,sân_khấu,N
W02938,sân_nhà,N
W02939,sân_thượng,N
W02940B,sân_trường,N
W02940N,sân_trường,N
W02940T,sân_trường,N
W02941,sân_vận_động,N
W02943,sâu,A
W02944,sâu_bọ,N
W02945,sâu_răng,N
W02946,sâu_thẳm,A
W02947B,sĩ_diện,V
W02947N,sĩ_diện,V
W02948,siêng_năng,A
W02949,siêu_âm,V
W02951,siêu_thị,N
W02952,siêu_tốc,V
W02953B,sinh_đẻ,V
W02953N,sinh_đẻ,V
W02953T,sinh_đẻ,V
W02954,sinh_động,A
W02955,sinh_hoạt,V
W02956B,sinh_sản,V
W02956N,sinh_sản,V
W02956T,sinh_sản,V
W02957,sinh_sống,V
W02958,sinh_tố,N
W02960,sinh_vật,N
W02961,sóc_trăng,Np
W02962,soi,V
W02964,son_môi,N
W02965,song_song,A
W02967,sóng_biển,N
W02968,sóng_thần,N
W02970,sổ_đầu_bài,N
W02972,sổ_điểm_danh,N
W02974,sổ_tay,N
W02975,số_bé,N
W02979,số_chẵn,N
W02981,số_chín,N
W02987,số_đo,N
W02989,số_lẻ,V
W02990,số_liền_sau,N
W02991,số_liền_trước,N
W02992,số_lớn,N
W02996,số_thập_phân,N
W03005,sông_hồng,N
W03008,sốt,V
W03010N,sơ_đồ,N
W03010T,sơ_đồ,N
W03011B,sơ_mi,V
W03011N,sơ_mi,V
W03011T,sơ_mi,V
W03014,sợi,Nc
W03015,sợi_chỉ,Nc
W03016,sợi_dây,Nc
W03017,sợi_len,Nc
W03018,sơn,V
W03021,súc_miệng,V
W03023,sum_họp,V
W03024,suối,N
W03025N,suy_nghĩ,V
W03025T,suy_nghĩ,V
W03031,sự_thật,N
W03034,sửa_chữa,V
W03036B,sữa_bò,N
W03036N,sữa_bò,N
W03036T,sữa_bò,N
W03037B,sữa_bột,N
W03037N,sữa_bột,N
W03037T,sữa_bột,N
W03038B,sữa_dê,N
W03038N,sữa_dê,N
W03038T,sữa_dê,N
W03039,sữa_đặc,N
W03040B,sữa_hộp,N
W03040N,sữa_hộp,N
W03040T,sữa_hộp,N
W03041,sữa_rửa_mặt,N
W03042B,sữa,N
W03042N,sữa,N
W03042T,sữa,N
W03043,sức_khỏe,N
W03046,sừng,N
W03047,sừng_bò,N
W03048,sừng_trâu,N
W03050,sương_gió,N
W03051,sườn,N
W03054,tác_dụng,V
W03055,tác_động,V
W03056,tác_giả,N
W03058,tác_phẩm,N
W03059,tách,V
W03060,tách_lớp,V
W03061,tai,N
W03062,tai_nạn,N
W03063,tài_giỏi,A
W03064,tài_năng,N
W03067,tài_trợ,V
W03070,tái_phát,V
W03071B,tái_phạm,V
W03071N,tái_phạm,V
W03071T,tái_phạm,V
W03073,đảo_trường_sa,N
W03074,tam_giác,N
W03075,tạm_biệt,V
W03076,đảo_hoàng_sa,N
W03077,tán_thành,V
W03081,tạo_dáng,V
W03084,tát,V
W03085B,tàu_hoả,N
W03085N,tàu_hoả,N
W03085T,tàu_hoả,N
W03086,tàu_ngầm,N
W03087,tàu_thuyền,N
W03088,tàu_thủy,N
W03089,taxi,Nb
W03090,tay,N
W03095,tay_phải,N
W03097,tay_trái,N
W03099,tặc_lưỡi,V
W03100,tăm,N
W03103,tâm_thần,N
W03105B,tấm_vải,Nc
W03105N,tấm_vải,Nc
W03105T,tấm_vải,Nc
W03107,tấn_công,V
W03110,tập_hợp,N
W03111,tập_hợp_rỗng,N
W03112,tập_làm_văn,N
W03115N,tập_thể,N
W03116B,tập_thể_dục,V
W03116T,tập_thể_dục,V
W03117,tập_trung,V
W03118,tập_viết,V
W03121,tây_bắc,Np
W03123,tây_nguyên,Np
W03124,tây_ninh,Np
W03129N,tên_là_gì,N
W03129T,tên_là_gì,N
W03130N,tên_riêng,V
W03131N,tết_âm,N
W03131T,tết_âm,N
W03132N,tết_dương,N
W03132T,tết_dương,N
W03133N,tết_thiếu_nhi,N
W03134B,tết_trung_thu,N
W03134N,tết_trung_thu,N
W03134T,tết_trung_thu,N
W03135,tha,V
W03136,tha_mồi,V
W03138B,tha_thứ,V
W03138N,tha_thứ,V
W03138T,tha_thứ,V
W03139,thả_diều,V
W03140,thả_mồi,V
W03141,thác,V
W03148B,thái_độ,N
W03148N,thái_độ,N
W03148T,thái_độ,N
W03150,thái_nguyên,Np
W03153B,tham_dự,V
W03153N,tham_dự,V
W03153T,tham_dự,V
W03154,tham_khảo,V
W03155,tham_lam,V
W03156B,tham_quan,V
W03156N,tham_quan,V
W03156T,tham_quan,V
W03160,thám_tử,N
W03163,thản_nhiên,A
W03164,thán_phục,V
W03165,cầu_thang,N
W03167B,tháng,N
W03167N,tháng,N
W03167T,tháng,N
W03168,thanh_hóa,Np
W03171,thanh_niên,N
W03172,đường_ray_xe_lửa,N
W03173,thành_công,V
W03175,thành_lập,V
W03175B,thành_lập,V
W03175N,thành_lập,V
W03175T,thành_lập,V
W03180,thành_thạo,V
W03181,thành_thị,N
W03185,thành_viên,N
W03186,thánh_địa_mỹ_sơn,N
W03191,tháo_gỡ,V
W03192,tháp,N
W03193,tháp_rùa,N
W03196,thắc_mắc,V
W03197B,thăm_hỏi,V
W03197N,thăm_hỏi,V
W03197T,thăm_hỏi,V
W03199,thăng_bằng,N
W03201,thẳng_hàng,A
W03202,thẳng_tắp,A
W03203,thắng_lợi,V
W03204B,thân_cây,N
W03204N,thân_cây,N
W03204T,thân_cây,N
W03205,thân_hình,N
W03207,thân_thiết,A
W03208,thân_thiện,A
W03210,thần_chết,N
W03211N,thần_kinh,N
W03214,thận,N
W03215,thấp_hơn,A
W03216,thấp_nhất,A
W03219,thập_thò,V
W03221,thật_thà,A
W03222B,thầy_cô,N
W03222N,thầy_cô,N
W03222T,thầy_cô,N
W03223,thầy_cúng,N
W03224B,thầy_giáo,N
W03224N,thầy_giáo,N
W03224T,thầy_giáo,N
W03228,theo_dõi,V
W03229,theo_đuổi,V
W03230,thẻ,N
W03232,thét,V
W03233,thề,V
W03237,thế_hệ,N
W03238,tri_kỉ,V
W03239B,thế_nào,X
W03239N,thế_nào,X
W03239T,thế_nào,X
W03240,thêm,V
W03241,thềm,N
W03242B,thêu,V
W03242N,thêu,V
W03243B,thi_cử,V
W03243N,thi_cử,V
W03243T,thi_cử,V
W03247,thị_giác,N
W03248,thị_lực,N
W03251B,thìa,N
W03251N,thìa,N
W03251T,thìa,N
W03252B,thích_thú,A
W03252N,thích_thú,V
W03252T,thích_thú,V
W03254,thiên_đình,N
W03256,thiên_nhiên,N
W03258,thiên_thần,N
W03262,thiếp_đi,V
W03263,thiếp_mời,N
W03265B,thiết_kế,V
W03265N,thiết_kế,V
W03265T,thiết_kế,V
W03268,thiệt_thòi,A
W03269,thiếu_nhi,N
W03270,thiếu_niên,N
W03272,thím,N
W03276,thoát_hiểm,V
W03278,thóc,N
W03281,thổi,V
W03282,thổi_bóng,V
W03283,thổi_kèn,V
W03285,thông_báo,V
W03286,thông_cảm,V
W03288B,thông_minh,A
W03288N,thông_minh,A
W03288T,thông_minh,A
W03289,thông_qua,V
W03291,thông_thường,A
W03292B,thông_tin,N
W03292N,thông_tin,N
W03292T,thông_tin,N
W03294,thống_nhất,V
W03297,tuổi_thơ_ấu,N
W03299,thờ_cúng,V
W03300,thở_dài,V
W03303,thời_gian_biểu,N
W03305,thở,V
W03306,thợ_kim_hoàn,N
W03308,thợ_rèn,N
W03309,thợ_thêu,N
W03314B,thơm,A
W03314N,thơm,A
W03314T,thơm,A
W03316,thu_mua,V
W03317,thu_nhỏ,V
W03318,thu_thập,V
W03319,thù_lao,V
W03320B,thủ_công,V
W03320N,thủ_công,V
W03320T,thủ_công,V
W03321B,thủ_tướng,N
W03321N,thủ_tướng,N
W03321T,thủ_tướng,N
W03323B,thú_dữ,N
W03323N,thú_dữ,N
W03323T,thú_dữ,N
W03324B,thú_y,N
W03324N,thú_y,N
W03324T,thú_y,N
W03326,thuận_lợi,N
W03327B,ngữ_pháp,N
W03327N,ngữ_pháp,N
W03327T,ngữ_pháp,N
W03328,thúc_đẩy,V
W03329B,thuê,V
W03329N,thuê,V
W03329T,thuê,V
W03330,thùng,N
W03331,thủng,V
W03333,thuốc_bắc,N
W03334,thuốc_bổ,N
W03335,thuốc_lá,N
W03338,thuộc_lòng,V
W03339B,thuỷ_điện,N
W03339N,thuỷ_điện,N
W03339T,thuỷ_điện,N
W03341,thuỷ_thủ,N
W03342,tinh_trùng,N
W03344,thủy_chung,A
W03345B,thủy_điện_hòa_bình,N
W03345N,thủy_điện_hòa_bình,N
W03345T,thủy_điện_hòa_bình,N
W03347,thuyền_chài,N
W03349,thuyền_rồng,N
W03350,trưởng_thành,V
W03351,thuyết_phục,V
W03352,thuyết_trình,N
W03354,thư_giãn,V
W03355,mục_đích,N
W03357,thứ_tự,N
W03359B,thừa,V
W03359N,thừa,V
W03359T,thừa,V
W03361B,thừa_thiên_–_huế,N
W03361N,thừa_thiên_–_huế,N
W03361T,thừa_thiên_–_huế,N
W03364,thực_hành,V
W03365,thực_hiện,V
W03366,thực_phẩm,N
W03367,thực_sự,A
W03368,thực_tế,N
W03369,thực_vật,N
W03370,thương,V
W03371,bùng_binh,N
W03373B,thương_yêu,A
W03373N,thương_yêu,V
W03373T,thương_yêu,V
W03377,tỉ_lệ,N
W03379,tỉ_mỉ,A
W03380,tỉ_số,N
W03381,tỉ_số_phần_trăm,N
W03383,tí_hon,N
W03386,tia_chớp,Nc
W03387,tia_nắng,Nc
W03388,tia_số,Nc
W03390,tích,N
W03391,tích_cực,A
W03392B,tiếc,V
W03392N,tiếc,V
W03392T,tiếc,V
W03393,tiệc,N
W03394,tiêm,V
W03398,tiền_giang,Np
W03405,tiến_sĩ,N
W03407,tiện_nghi,N
W03409B,tiếng_anh,Np
W03409N,tiếng_anh,Np
W03409T,tiếng_anh,Np
W03414,tiếng_nói,N
W03416,tiếp_nhận,V
W03418,tiếp_theo,V
W03419,tiếp_thu,V
W03421B,tiếp_tục,V
W03421N,tiếp_tục,V
W03421T,tiếp_tục,V
W03422B,tiết_kiệm,V
W03422N,tiết_kiệm,V
W03422T,tiết_kiệm,V
W03424,tiêu_cực,A
W03425,tiêu_diệt,V
W03426,tiêu_hoá,V
W03427,thụ_phấn,V
W03430,tiểu_học,N
W03431,tim,N
W03433B,tìm_hiểu,V
W03433N,tìm_hiểu,V
W03433T,tìm_hiểu,V
W03434,tím_tái,A
W03435,tin_cậy,V
W03436,tin_học,N
W03437,tin_nhắn,N
W03438,tin_tức,N
W03445,thần_kì,N
W03447,tình_cảm,N
W03448,tình_cờ,A
W03449,tình_huống,N
W03450B,thương_yêu,A
W03450N,thương_yêu,V
W03450T,thương_yêu,V
W03451,tình_yêu,N
W03452,tĩnh_lặng,A
W03454,tính_cách,N
W03455,tính_chất,N
W03456,tính_chất_bằng_nhau,N
W03457,tính_chất_cơ_bản_của_phân_số,N
W03458,tính_chất_giao_hoán,N
W03459,tính_chất_kết_hợp,N
W03461,tính_nhẩm,N
W03463,tính_toán,V
W03464,tính_từ,V
W03466,to_lớn,A
W03467B,tò_mò,V
W03467T,tò_mò,V
W03469,toa_lét,V
W03471B,toa_xe,N
W03471N,toa_xe,N
W03471T,toa_xe,N
W03472B,toà_án,N
W03472N,toà_án,N
W03472T,toà_án,N
W03473,tòa_soạn,N
W03474,tỏa_hương,N
W03476,toàn_cầu,N
W03479,tóc_xoăn,N
W03480,tóm_cổ,V
W03481,tóm_lược,V
W03482,tóm_tắt,V
W03486B,tô_màu,N
W03486N,tô_màu,N
W03486T,tô_màu,N
W03488,tổ_chim,N
W03491,tôn_trọng,V
W03492,tôn_thờ,V
W03494,tổ_tiên,N
W03495,tổ_trưởng,N
W03501,tôn_trọng,V
W03502,tổng,N
W03503,tổng_hợp,V
W03505B,tổng_thống,N
W03505N,tổng_thống,N
W03505T,tổng_thống,N
W03507,tống_tiền,V
W03508B,tờ_báo,Nc
W03508N,tờ_báo,Nc
W03508T,tờ_báo,Nc
W03509B,tờ_giấy,Nc
W03509N,tờ_giấy,Nc
W03509T,tờ_giấy,Nc
W03512,tờ_tiền,Nc
W03513,trà_vinh,Np
W03514,trách_mắng,V
W03517,trại_giam,N
W03519,trang_trí,V
W03524,trà,N
W03525,trả,V
W03526,trả_lời,V
W03528,trách_nhiệm,N
W03531N,trái_nghĩa,V
W03531T,trái_nghĩa,V
W03534,trạm_xe_buýt,N
W03535,trạm_y_tế,N
W03536,tràn_ngập,A
W03537,trang_phục,N
W03542,tranh_luận,V
W03543,tai_nạn_giao_thông,N
W03544,tránh_thai,V
W03545,trao_tặng,V
W03550B,trăng,N
W03550N,trăng,N
W03550T,trăng,N
W03552B,trắng_muốt,A
W03552N,trắng_muốt,A
W03552T,trắng_muốt,A
W03553,trắng_tay,A
W03554,trầm_trồ,V
W03560,quạt_trần,N
W03562,trần_nhà,N
W03568,tự,P
W03571B,tre,N
W03571N,tre,N
W03571T,tre,N
W03573,trêu,V
W03575,trêu_tức,V
W03576,trí_khôn,N
W03578,trí_thức,N
W03585,triều_cường,N
W03587,triều_đình,N
W03593,trình_bày,V
W03594,trình_độ,N
W03599,trò_chơi,N
W03602B,trọc_đầu,A
W03602N,trọc_đầu,V
W03602T,trọc_đầu,V
W03603,trói_tay,V
W03605,tròn_trịa,A
W03606,trong_sáng,A
W03607,tròn,A
W03611B,trong_ngoài,N
W03611N,trong_ngoài,N
W03611T,trong_ngoài,N
W03612,trong_suốt,E
W03614,trọng_tài,N
W03615,xe_tải,N
W03618,trộm_cắp,V
W03619B,trốn_chạy,V
W03619N,trốn_chạy,V
W03619T,trốn_chạy,V
W03620B,trông_chờ,V
W03620N,trông_chờ,V
W03620T,trông_chờ,V
W03621,trông_coi,V
W03622B,trông_nom,V
W03622N,trông_nom,V
W03622T,trông_nom,V
W03624,trống,A
W03626,trộn,V
W03629,trở_thành,V
W03632,trú_mưa,V
W03633,trục_hoành,V
W03634,trục_tung,V
W03635,trục_xuất,V
W03636B,trụi_lá,A
W03636N,trụi_lá,V
W03636T,trụi_lá,V
W03637,trùm_chăn,X
W03638,trung_bình,A
W03641,trung_điểm,N
W03642B,trung_quốc,Np
W03642N,trung_quốc,Np
W03642T,trung_quốc,Np
W03643,trung_tâm,N
W03644,trung_thành,V
W03645B,trung_thu,Np
W03645N,trung_thu,Np
W03645T,trung_thu,Np
W03646,trung_ương,N
W03648,trúng_thưởng,V
W03649B,trúng_tuyển,V
W03649N,trúng_tuyển,V
W03649T,trúng_tuyển,V
W03650,truyền_dịch,V
W03653,truyền_thông,N
W03654,truyền_thống,N
W03657,trực_nhật,V
W03659B,trứng,N
W03659N,trứng,N
W03659T,trứng,N
W03663N,trường_tiểu_học,N
W03663T,trường_tiểu_học,N
W03665,trực_tiếp,A
W03666,trưng_bày,V
W03669B,trước,E
W03669N,trước,E
W03669T,trước,E
W03672,trường_hợp,N
W03673B,trường_mầm_non,N
W03673N,trường_mầm_non,N
W03673T,trường_mầm_non,N
W03674B,trường_thcs,N
W03674B,trường_cấp_2,N
W03674N,trường_thcs,N
W03674N,trường_cấp_2,N
W03674T,trường_thcs,N
W03674T,trường_cấp_2,N
W03675B,trường_thpt,N
W03675B,trường_cấp_3,N
W03675N,trường_thpt,N
W03675N,trường_cấp_3,N
W03675T,trường_thpt,N
W03675T,trường_cấp_3,N
W03676,trưởng_nhóm,N
W03678,tù_giam,V
W03682,tụ_tập,V
W03683,tuân_lệnh,V
W03684,tuân_thủ,V
W03685B,tuần,N
W03685N,tuần,N
W03685T,tuần,N
W03689,tủi_thân,V
W03692,túm_tóc,V
W03696,tung_tăng,V
W03698,tuổi_thơ,N
W03699,tuốt_lúa,V
W03700,tuỷ_sống,N
W03701,tuyên_bố,V
W03702,tuyên_ngôn,N
W03708,tuyệt_vọng,V
W03710,từ_bỏ,V
W03711,từ_đồng_âm,N
W03712,từ_ngữ,N
W03713,từ_phải_sang_trái,E
W03714B,từ_trái_nghĩa,V
W03714N,từ_trái_nghĩa,V
W03714T,từ_trái_nghĩa,V
W03715,từ_trái_sang_phải,E
W03717B,tự_do,A
W03717N,tự_do,A
W03717T,tự_do,A
W03719B,tự_lập,V
W03719N,tự_lập,V
W03719T,tự_lập,V
W03720B,tự_tin,V
W03720N,tự_tin,V
W03720T,tự_tin,V
W03722B,tự_vệ,V
W03722N,tự_vệ,V
W03722T,tự_vệ,V
W03725,tươi_cười,A
W03727B,tưới_cây,V
W03727N,tưới_cây,V
W03727T,tưới_cây,V
W03728,nước_tương,N
W03729,tương_ứng,V
W03730,tưởng,V
W03732,tưởng_tượng,V
W03732B,tưởng_tượng,V
W03732N,tưởng_tượng,V
W03732T,tưởng_tượng,V
W03734,tượng,N
W03735,tượng_đài,N
W03738,u_ám,A
W03740,ung_dung,A
W03741,ủng,N
W03742,ủng_hộ,V
W03744,unicef,Np
W03745,uốn,V
W03746,uốn_cong,V
W03747,uốn_dẻo,V
W03748,uốn_tóc,V
W03749,úp,V
W03750,ủy_ban,N
W037511,ủy_ban_nhân_dân,N
W03751B,ủy_quyền,V
W03751N,ủy_quyền,V
W03751T,ủy_quyền,V
W03752,ức_chế,V
W03757,ưu_điểm,N
W03758B,ưu_tiên,V
W03758N,ưu_tiên,V
W03758T,ưu_tiên,V
W03759,va_chạm,V
W03761,va_li,N
W03762,vác,V
W03765,vạch_trần,V
W03766,vạch_xuất_phát,N
W03767,vai,N
W03768,vai_trò,N
W03770,vái_lạy,V
W03771,vái_tứ_phương,V
W03773,vạm_vỡ,A
W03777,vàng,N
W03778,vàng_bạc,N
W03780,vào,E
W03781,vào_lớp,V
W03782,vào_mùa,E
W03782B,vào_mùa,E
W03784,vá_xe,V
W03785,vạt_áo,N
W03786,văn,N
W03787,văn_bản,N
W03791,văn_miếu_quốc_tử_giám,N
W03793B,văn_nghệ,N
W03793N,văn_nghệ,N
W03793T,văn_nghệ,N
W03794,vắn_tắt,A
W03795B,vắng,A
W03795N,vắng,A
W03795T,vắng,A
W03796,vắng_lặng,A
W03797,vắt_cam,V
W03799B,vấn_đề,N
W03799N,vấn_đề,N
W03799T,vấn_đề,N
W03800,vận_chuyển,V
W03801,vận_động,V
W03804,vận_tốc,V
W03805N,vầng_trăng,N
W03805T,vầng_trăng,N
W03806,vật,V
W03809B,vật_nuôi,N
W03809N,vật_nuôi,N
W03809T,vật_nuôi,N
W03810,vây_bắt,V
W03812,vẫy_tay,V
W03813,vẫy_vùng,V
W03814,vé,N
W03819,vệ_sinh_cá_nhân,V
W03820,vênh_váo,V
W03821,vết_thương,N
W03823,vi_khuẩn,N
W03825B,vì_sao,E
W03825N,vì_sao,E
W03825T,vì_sao,E
W03826,vĩ_cầm,V
W03827,vĩ_đại,A
W03828B,ví_dụ,C
W03828N,ví_dụ,C
W03828T,ví_dụ,C
W03829,vị_ngữ,N
W03832,vị_trí,N
W03835,việc_làm,N
W03840,viện_bảo_tàng,N
W03841,viện_nghiên_cứu,N
W03842,viết_lia_lịa,V
W03846,vĩnh_long,Np
W03847,vĩnh_phúc,Np
W03848,vịnh,N
W03849,vịnh_hạ_long,N
W03851,võ_nguyên_giáp,Np
W03852,vòi_voi,N
W03853,vòng_đeo_tay,N
W03854,vòng_quanh_trái_đất,V
W03855,vỏ,N
W03856,võ_thuật,N
W03858,vòi_nước,N
W03859,mái_vòm,N
W03860,vòm_lá,N
W03861,vòng_cung,N
W03862,vòng_đời,N
W03863,vòng_tròn,N
W03864,võng,N
W03865,nhiều_vô_cùng,A
W03866,vô_lí,A
W03867,vô_lo_vô_nghĩ,A
W03868,vô_tâm,A
W03869,xa_vô_tận,A
W03870,vô_tư,A
W03871,vô_ý,A
W03872,vô_ý_thức,A
W03873,vồ,V
W03875,vỗ_cánh,V
W03876,vỗ_tay,V
W03878,vội_vã,A
W03881,vở_chèo,N
W03882,vỡ,V
W03883,vỡ_lòng,R
W03884,vớt,V
W03885,vũ_công,N
W03886,vũ_trụ,N
W03887,vua_hùng,Np
W03888B,vui_chơi,V
W03888N,vui_chơi,V
W03888T,vui_chơi,V
W03889B,vui_mừng,V
W03889N,vui_mừng,V
W03889T,vui_mừng,V
W03890B,vui_sướng,A
W03890N,vui_sướng,A
W03890T,vui_sướng,A
W03892,vui_tính,A
W03894,vun_đắp,V
W03903,vùng_vẫy,V
W03908,hình_vuông,N
W03909,vuốt_tóc,V
W03911,vuông_góc,N
W03912,vững_chắc,A
W03917,vườn_thú,N
W03924,vượt_trội,V
W03925,xa_cách,A
W03928,xa_xôi,A
W03930B,xà_phòng,N
W03930N,xà_phòng,N
W03930T,xà_phòng,N
W03931B,xà_phòng_giặt,N
W03931N,xà_phòng_giặt,N
W03931T,xà_phòng_giặt,N
W03933,xả_rác,V
W03935B,xã_hội,N
W03935N,xã_hội,N
W03935T,xã_hội,N
W03936,xách_túi,V
W03938B,xanh_xao,A
W03938N,xanh_xao,A
W03938T,xanh_xao,A
W03939,xã,N
W03940,xác_chết,V
W03941,xác_định,V
W03943,xách_nặng,V
W03945B,cây_xanh_tươi,N
W03945N,cây_xanh_tươi,N
W03945T,cây_xanh_tươi,N
W03947,xăm,V
W03948,xăng,N
W03949,xăng_ti_mét,N
W03950,xăng_ti_mét_khối,I
W03951,xăng_ti_mét_vuông,N
W03953,xâm_lược,V
W03956B,xây,V
W03956N,xây,V
W03956T,xây,V
W03958,xây_nhà,V
W03959,xe_đạp,N
W03960,xe_ben,N
W03961,xe_máy,N
W03962B,xe_cảnh_sát,N
W03962N,xe_cảnh_sát,N
W03962T,xe_cảnh_sát,N
W03964B,xe_cứu_hỏa,N
W03964N,xe_cứu_hỏa,N
W03965,xe_cứu_thương,N
W03967B,xe_khách,N
W03967N,xe_khách,N
W03967T,xe_khách,N
W03968,xe_lam,N
W03969,xe_lu,N
W03971,xe_cẩu,N
W03973,xé_rách,V
W03974,xem_xét,V
W03975,xen,V
W03976,xẻng,N
W03978,xếp,V
W03979,xếp_hàng,V
W03980,xếp_hàng_dọc,V
W03981,xếp_hàng_ngang,V
W03982,xếp_hàng_ưu_tiên,V
W03983,xếp_hình,V
W03986,xích_đạo,V
W03990,xin_lỗi,V
W03991,xinh,A
W03992,xinh_xắn,A
W03993,xóa_bảng,V
W03995,xoá_bỏ,V
W03996,xoáy,V
W03999,xóm_làng,N
W04000,xô,V
W04001,xôi,N
W04003,xông_hơi,V
W04006,xu,N
W04007,tóc_dựng_đứng,A
W04010B,xuất_hiện,V
W04010N,xuất_hiện,V
W04010T,xuất_hiện,V
W04011,xuất_khẩu,V
W04013,xúc_xắc,N
W04014,xung_đột,V
W04016,xung_phong,V
W04017,xung_quanh_nhà,E
W04019,xuống,V
W04023,xứ_nghệ,N
W04025B,xưa,N
W04025N,xưa,N
W04025T,xưa,N
W04028,xương_rồng,N
W04031,y_éc_xanh,Np
W04034,y_tế,N
W04035,ý_chí,N
W04038B,ý_nghĩa,N
W04038N,ý_nghĩa,N
W04038T,ý_nghĩa,N
W04039,ý_thức,N
W04040,ý_tưởng,N
W04041,yếm,N
W04043,yên_bái,Np
W04044,yên_bình,N
W04046,yên_lòng,A
W04048,yên_tâm,A
W04056B,tôi_yêu_bạn,P
W04056N,tôi_yêu_bạn,P
W04056T,tôi_yêu_bạn,P
W04057B,yêu_cầu,V
W04057N,yêu_cầu,V
W04057T,yêu_cầu,V
W04058B,yêu_mến,V
W04058N,yêu_mến,V
W04058T,yêu_mến,V
W04059B,yếu,A
W04059N,yếu,A
W04059T,yếu,A
W04060,yếu_tố,N
W04061,công_văn,N
W04062,vá_quần_áo,V
W04063,hoan_hô,V
W04065,trả_thù,V
W04066B,môn_địa_lý,N
W04066N,môn_địa_lý,N
W04066T,môn_địa_lý,N
W04068,con_trai,Nc
W04069,đệm,N
W04070,gù_lưng,V
W04071,ai_bảo,P
